1880s,1,John,89949,Mary,91668
1880s,2,William,84881,Anna,38159
1880s,3,James,54056,Emma,25404
1880s,4,George,47651,Elizabeth,25006
1880s,5,Charles,46656,Margaret,21799
1880s,6,Frank,30967,Minnie,21724
1880s,7,Joseph,26292,Ida,18283
1880s,8,Henry,24139,Bertha,18263
1880s,9,Robert,24074,Clara,17717
1880s,10,Thomas,23750,Alice,17142
1880s,11,Edward,23133,Annie,17027
1880s,12,Harry,22649,Florence,16699
1880s,13,Walter,18185,Bessie,15373
1880s,14,Arthur,16180,Grace,15227
1880s,15,Fred,15602,Ethel,14866
1880s,16,Albert,14375,Sarah,14715
1880s,17,Samuel,9129,Ella,13936
1880s,18,Clarence,8760,Martha,13911
1880s,19,Louis,8275,Nellie,13761
1880s,20,David,7569,Mabel,13096
1880s,21,Joe,7098,Laura,12806
1880s,22,Charlie,7091,Carrie,12514
1880s,23,Richard,7010,Cora,11954
1880s,24,Ernest,6700,Helen,11496
1880s,25,Roy,6565,Maude,11454
1880s,26,Will,6196,Lillian,11270
1880s,27,Andrew,6053,Gertrude,11100
1880s,28,Jesse,6003,Rose,11064
1880s,29,Oscar,5982,Edna,11020
1880s,30,Willie,5906,Pearl,10903
1880s,31,Daniel,5679,Edith,10881
1880s,32,Benjamin,5407,Jennie,10220
1880s,33,Carl,5227,Hattie,10199
1880s,34,Sam,5069,Mattie,9844
1880s,35,Alfred,4837,Eva,9800
1880s,36,Earl,4830,Julia,9800
1880s,37,Peter,4656,Myrtle,9769
1880s,38,Elmer,4627,Louise,9596
1880s,39,Frederick,4603,Lillie,9467
1880s,40,Howard,4349,Jessie,9187
1880s,41,Lewis,4341,Frances,9182
1880s,42,Ralph,4269,Catherine,8915
1880s,43,Herbert,4257,Lula,8882
1880s,44,Paul,4196,Lena,8691
1880s,45,Lee,3945,Marie,8490
1880s,46,Tom,3786,Ada,8423
1880s,47,Herman,3689,Josephine,7732
1880s,48,Martin,3595,Fannie,7527
1880s,49,Jacob,3566,Lucy,7520
1880s,50,Michael,3558,Dora,7288
1880s,51,Jim,3520,Agnes,7237
1880s,52,Claude,3504,Maggie,7072
1880s,53,Ben,3449,Blanche,6925
1880s,54,Eugene,3430,Katherine,6922
1880s,55,Francis,3244,Elsie,6648
1880s,56,Grover,3184,Nora,6521
1880s,57,Raymond,3135,Mamie,6330
1880s,58,Harvey,3123,Rosa,6157
1880s,59,Clyde,3034,Stella,6130
1880s,60,Edwin,3011,Daisy,6054
1880s,61,Edgar,3006,May,5881
1880s,62,Ed,2957,Effie,5850
1880s,63,Lawrence,2919,Mae,5647
1880s,64,Bert,2808,Ellen,5402
1880s,65,Chester,2699,Nettie,5313
1880s,66,Jack,2684,Ruth,5298
1880s,67,Otto,2679,Alma,5190
1880s,68,Luther,2619,Della,5048
1880s,69,Charley,2550,Lizzie,5035
1880s,70,Guy,2489,Sadie,4915
1880s,71,Floyd,2476,Sallie,4840
1880s,72,Ira,2379,Nancy,4792
1880s,73,Ray,2371,Susie,4780
1880s,74,Hugh,2355,Maud,4201
1880s,75,Isaac,2311,Flora,4195
1880s,76,Oliver,2287,Irene,4002
1880s,77,Patrick,2285,Etta,3973
1880s,78,Homer,2213,Katie,3907
1880s,79,Theodore,2176,Lydia,3902
1880s,80,Leonard,2144,Lottie,3888
1880s,81,Leo,2098,Viola,3806
1880s,82,Alexander,2081,Caroline,3743
1880s,83,August,2012,Addie,3739
1880s,84,Harold,2001,Hazel,3644
1880s,85,Allen,1998,Georgia,3540
1880s,86,Jessie,1843,Esther,3476
1880s,87,Archie,1816,Mollie,3471
1880s,88,Philip,1741,Olive,3456
1880s,89,Stephen,1684,Willie,3397
1880s,90,Horace,1650,Harriet,3369
1880s,91,Marion,1624,Emily,3368
1880s,92,Bernard,1616,Charlotte,3311
1880s,93,Anthony,1611,Amanda,3280
1880s,94,Julius,1605,Kathryn,3276
1880s,95,Warren,1580,Lulu,3253
1880s,96,Leroy,1574,Susan,3231
1880s,97,Clifford,1552,Kate,3194
1880s,98,Eddie,1526,Nannie,3165
1880s,99,Sidney,1505,Jane,2971
1880s,100,Milton,1479,Amelia,2957
1880s,101,Leon,1475,Virginia,2948
1880s,102,Alex,1451,Mildred,2919
1880s,103,Lester,1440,Beulah,2866
1880s,104,Emil,1434,Eliza,2851
1880s,105,Dan,1402,Rebecca,2849
1880s,106,Willis,1388,Ollie,2832
1880s,107,Everett,1374,Belle,2648
1880s,108,Dave,1339,Ruby,2603
1880s,109,Leslie,1292,Pauline,2594
1880s,110,Rufus,1283,Matilda,2533
1880s,111,Alvin,1256,Theresa,2505
1880s,112,Perry,1255,Hannah,2480
1880s,113,Lloyd,1254,Henrietta,2480
1880s,114,Victor,1242,Ora,2391
1880s,115,Calvin,1236,Estella,2321
1880s,116,Harrison,1235,Leona,2151
1880s,117,Norman,1235,Augusta,2145
1880s,118,Wesley,1186,Eleanor,2136
1880s,119,Jess,1182,Rachel,2128
1880s,120,Percy,1166,Amy,2127
1880s,121,Amos,1161,Sara,2127
1880s,122,Dennis,1107,Anne,2126
1880s,123,Jerry,1106,Marion,2109
1880s,124,Nathan,1106,Iva,2108
1880s,125,Franklin,1098,Ann,2104
1880s,126,Alonzo,1088,Nina,2093
1880s,127,Matthew,1068,Dorothy,2088
1880s,128,Mack,1062,Lola,2054
1880s,129,Earnest,1043,Lela,1915
1880s,130,Gus,1029,Beatrice,1900
1880s,131,Russell,1023,Josie,1884
1880s,132,Adam,1020,Sophia,1865
1880s,133,Jay,1016,Estelle,1841
1880s,134,Wallace,1009,Mayme,1841
1880s,135,Otis,1006,Barbara,1820
1880s,136,Stanley,997,Evelyn,1817
1880s,137,Adolph,994,Maria,1732
1880s,138,Jake,972,Inez,1633
1880s,139,Roscoe,969,Allie,1606
1880s,140,Maurice,961,Essie,1554
1880s,141,Melvin,960,Delia,1546
1880s,142,Gilbert,957,Mable,1544
1880s,143,Ross,951,Millie,1527
1880s,144,Willard,939,Alta,1523
1880s,145,Mark,928,Betty,1519
1880s,146,Levi,927,Callie,1515
1880s,147,Wilbur,914,Janie,1491
1880s,148,Cornelius,911,Rosie,1485
1880s,149,Aaron,910,Victoria,1440
1880s,150,Jose,910,Ola,1421
1880s,151,Elbert,905,Gladys,1420
1880s,152,Emmett,901,Louisa,1420
1880s,153,Phillip,898,Ina,1406
1880s,154,Morris,895,Eula,1396
1880s,155,Noah,895,Luella,1384
1880s,156,Claud,881,Vera,1365
1880s,157,Clinton,867,Lou,1364
1880s,158,Felix,863,Celia,1363
1880s,159,Moses,859,Nell,1345
1880s,160,Elijah,856,Goldie,1327
1880s,161,Nelson,849,Winifred,1309
1880s,162,Simon,841,Bettie,1298
1880s,163,Lonnie,832,Hilda,1280
1880s,164,Virgil,827,Sophie,1267
1880s,165,Hiram,825,Christine,1266
1880s,166,Jasper,820,Marguerite,1256
1880s,167,Marshall,804,Tillie,1254
1880s,168,Manuel,802,Birdie,1237
1880s,169,Sylvester,796,Rena,1219
1880s,170,Fredrick,783,Eunice,1216
1880s,171,Mike,779,Bertie,1153
1880s,172,Abraham,776,Olga,1116
1880s,173,Silas,775,Sylvia,1109
1880s,174,Irvin,770,Lucille,1108
1880s,175,Max,765,Bess,1099
1880s,176,Owen,758,Isabelle,1092
1880s,177,Christopher,752,Genevieve,1088
1880s,178,Reuben,742,Leila,1079
1880s,179,Glenn,731,Mathilda,1065
1880s,180,Nicholas,730,Dollie,1063
1880s,181,Ellis,728,Isabel,1053
1880s,182,Marvin,726,Verna,1052
1880s,183,Wiley,726,Bernice,1037
1880s,184,Eli,721,Loretta,1036
1880s,185,Edmund,708,Rhoda,1024
1880s,186,Ollie,706,Cornelia,1020
1880s,187,Cecil,705,Sally,1010
1880s,188,Cleveland,702,Jean,1000
1880s,189,Curtis,695,Alberta,992
1880s,190,Timothy,693,Winnie,989
1880s,191,Harley,685,Lelia,987
1880s,192,Jeff,685,Lois,954
1880s,193,Anton,674,Myra,953
1880s,194,Alva,663,Harriett,938
1880s,195,Wilson,660,Roxie,933
1880s,196,Irving,654,Adeline,932
1880s,197,Clayton,653,Abbie,929
1880s,198,Rudolph,652,Flossie,924
1880s,199,Vernon,636,Sue,918
1880s,200,Hubert,634,Christina,916
1890s,1,John,80664,Mary,131138
1890s,2,William,72244,Anna,55261
1890s,3,James,50723,Margaret,37937
1890s,4,George,43358,Helen,37802
1890s,5,Charles,36848,Elizabeth,33879
1890s,6,Joseph,29000,Ruth,32867
1890s,7,Frank,28718,Florence,32344
1890s,8,Robert,26147,Ethel,31453
1890s,9,Edward,22033,Emma,28652
1890s,10,Henry,21664,Marie,25853
1890s,11,Harry,21330,Clara,25473
1890s,12,Thomas,21115,Bertha,25125
1890s,13,Walter,19495,Minnie,24615
1890s,14,Arthur,16349,Bessie,24417
1890s,15,Fred,14270,Alice,24415
1890s,16,Albert,13753,Lillian,24106
1890s,17,Clarence,11900,Edna,24068
1890s,18,Willie,9849,Grace,23804
1890s,19,Roy,9779,Annie,23122
1890s,20,Louis,8442,Mabel,21991
1890s,21,Earl,8297,Ida,21212
1890s,22,Paul,8181,Rose,21134
1890s,23,Carl,8047,Hazel,20154
1890s,24,Ernest,7877,Gertrude,19898
1890s,25,Samuel,7857,Martha,19415
1890s,26,Raymond,7572,Pearl,19054
1890s,27,Richard,7572,Frances,18090
1890s,28,Joe,7482,Myrtle,17717
1890s,29,David,7333,Edith,17650
1890s,30,Charlie,7261,Nellie,17285
1890s,31,Harold,7018,Sarah,17154
1890s,32,Ralph,6951,Ella,17072
1890s,33,Howard,5949,Eva,16460
1890s,34,Andrew,5719,Laura,16433
1890s,35,Herbert,5660,Elsie,16375
1890s,36,Elmer,5647,Louise,15174
1890s,37,Oscar,5612,Esther,14737
1890s,38,Jesse,5396,Catherine,14502
1890s,39,Alfred,5373,Agnes,14429
1890s,40,Will,5210,Carrie,14276
1890s,41,Daniel,5185,Lillie,14093
1890s,42,Sam,4941,Mildred,13792
1890s,43,Leo,4691,Gladys,13622
1890s,44,Jack,4635,Irene,13621
1890s,45,Lawrence,4597,Julia,13448
1890s,46,Francis,4535,Hattie,12909
1890s,47,Benjamin,4460,Cora,12880
1890s,48,Lee,4384,Lena,12491
1890s,49,Eugene,4303,Josephine,12463
1890s,50,Herman,4232,Mattie,12449
1890s,51,Peter,4028,Jennie,11876
1890s,52,Frederick,3994,Jessie,11870
1890s,53,Floyd,3957,Maude,11304
1890s,54,Michael,3926,Alma,11184
1890s,55,Ray,3763,Mae,10918
1890s,56,Lewis,3699,Blanche,10860
1890s,57,Claude,3636,Dorothy,10846
1890s,58,Clyde,3625,Ada,10379
1890s,59,Edwin,3505,Lucy,10323
1890s,60,Tom,3335,Lula,10238
1890s,61,Martin,3254,Mamie,10085
1890s,62,Leonard,3166,Fannie,9898
1890s,63,Ben,3156,Stella,9807
1890s,64,Chester,3021,Katherine,9408
1890s,65,Edgar,2982,Viola,9386
1890s,66,Jim,2841,Ruby,8699
1890s,67,Harvey,2822,Dora,8684
1890s,68,Russell,2780,Maggie,8607
1890s,69,Lester,2702,Nora,8293
1890s,70,Clifford,2701,Rosa,7881
1890s,71,Luther,2668,Beatrice,7500
1890s,72,Homer,2637,Ellen,7435
1890s,73,Jacob,2551,Sadie,7398
1890s,74,Leroy,2544,Marion,7310
1890s,75,Otto,2543,Willie,7109
1890s,76,Guy,2487,Effie,6961
1890s,77,Lloyd,2480,May,6880
1890s,78,Anthony,2453,Beulah,6785
1890s,79,Jessie,2424,Pauline,6635
1890s,80,Hugh,2405,Nettie,6538
1890s,81,Ed,2346,Susie,6530
1890s,82,Bernard,2315,Della,6410
1890s,83,Theodore,2300,Vera,6377
1890s,84,Stanley,2297,Marguerite,6376
1890s,85,Eddie,2284,Daisy,6249
1890s,86,Patrick,2233,Lydia,5942
1890s,87,Philip,2147,Virginia,5864
1890s,88,Leon,2103,Olive,5713
1890s,89,Archie,2068,Kathryn,5653
1890s,90,Leslie,2063,Evelyn,5648
1890s,91,Oliver,2035,Sallie,5580
1890s,92,Allen,2002,Lizzie,5556
1890s,93,Alexander,1954,Lottie,5499
1890s,94,Dewey,1921,Emily,5476
1890s,95,Ira,1916,Georgia,5445
1890s,96,Everett,1902,Flora,5442
1890s,97,Norman,1891,Nancy,5346
1890s,98,Horace,1814,Katie,5178
1890s,99,Victor,1811,Lucille,5105
1890s,100,Cecil,1808,Leona,5083
1890s,101,Donald,1786,Charlotte,4771
1890s,102,Charley,1755,Eleanor,4754
1890s,103,Milton,1745,Hilda,4732
1890s,104,Isaac,1735,Theresa,4730
1890s,105,Stephen,1733,Ann,4688
1890s,106,Julius,1717,Etta,4670
1890s,107,August,1703,Addie,4635
1890s,108,Alvin,1667,Caroline,4500
1890s,109,Bert,1667,Ollie,4272
1890s,110,Sidney,1612,Anne,4231
1890s,111,Percy,1571,Lola,4217
1890s,112,Marion,1508,Harriet,4171
1890s,113,Glenn,1501,Iva,4103
1890s,114,Grover,1498,Bernice,4094
1890s,115,Warren,1480,Henrietta,4035
1890s,116,Alex,1448,Lela,3892
1890s,117,Emil,1438,Jane,3882
1890s,118,Earnest,1390,Ora,3876
1890s,119,Mack,1370,Amanda,3872
1890s,120,Wesley,1365,Amelia,3725
1890s,121,Otis,1349,Inez,3682
1890s,122,Virgil,1349,Rebecca,3660
1890s,123,Willis,1331,Susan,3612
1890s,124,Melvin,1325,Mollie,3609
1890s,125,Kenneth,1298,Nannie,3599
1890s,126,Rufus,1298,Goldie,3491
1890s,127,Dave,1281,Estelle,3485
1890s,128,Dan,1274,Loretta,3382
1890s,129,Maurice,1270,Nina,3381
1890s,130,Willard,1240,Maud,3285
1890s,131,Lonnie,1237,Rachel,3279
1890s,132,Morris,1234,Eula,3270
1890s,133,Gilbert,1215,Matilda,3249
1890s,134,Vernon,1215,Eunice,3244
1890s,135,Wallace,1199,Lois,3228
1890s,136,Nathan,1180,Betty,3196
1890s,137,Johnnie,1160,Mable,3184
1890s,138,Wilbur,1142,Estella,3174
1890s,139,Jerry,1140,Marjorie,3171
1890s,140,Emmett,1136,Sara,3119
1890s,141,Matthew,1132,Violet,3076
1890s,142,Max,1112,Essie,3059
1890s,143,Calvin,1102,Amy,3042
1890s,144,Marvin,1073,Verna,3036
1890s,145,Hubert,1062,Sylvia,3025
1890s,146,Vincent,1027,Hannah,3021
1890s,147,Amos,1023,Kate,3001
1890s,148,Jess,1013,Olga,2997
1890s,149,Rudolph,998,Rosie,2918
1890s,150,Harrison,991,Genevieve,2904
1890s,151,Perry,989,Flossie,2890
1890s,152,Franklin,986,Maria,2866
1890s,153,Sylvester,971,Alta,2796
1890s,154,Glen,959,Barbara,2783
1890s,155,Mark,953,Frieda,2780
1890s,156,Manuel,952,Eliza,2723
1890s,157,Jose,947,Lulu,2659
1890s,158,Adolph,945,Ola,2652
1890s,159,Gordon,939,Augusta,2642
1890s,160,Curtis,928,Christine,2565
1890s,161,Nelson,920,Sophia,2522
1890s,162,Dennis,919,Belle,2512
1890s,163,Jay,918,Victoria,2479
1890s,164,Ollie,918,Sophie,2424
1890s,165,Marshall,916,Lucile,2412
1890s,166,Elbert,910,Irma,2407
1890s,167,Felix,903,Ina,2397
1890s,168,Irving,903,Jean,2396
1890s,169,Bennie,902,Thelma,2385
1890s,170,Jake,892,Celia,2373
1890s,171,Ellis,886,Doris,2342
1890s,172,Gus,885,Allie,2339
1890s,173,Phillip,884,Josie,2329
1890s,174,Alonzo,879,Alberta,2327
1890s,175,Roland,875,Winifred,2293
1890s,176,Orville,870,Freda,2289
1890s,177,Edmund,868,Janie,2272
1890s,178,Adam,863,Madeline,2242
1890s,179,Arnold,859,Marian,2168
1890s,180,Clinton,857,Luella,2151
1890s,181,Nicholas,857,Nell,2138
1890s,182,Cornelius,853,Callie,2131
1890s,183,Ross,851,Winnie,2126
1890s,184,Roscoe,850,Velma,2099
1890s,185,Abraham,849,Mayme,2098
1890s,186,Aaron,830,Naomi,2074
1890s,187,Mike,828,Selma,2067
1890s,188,Reuben,828,Isabel,2047
1890s,189,Claud,827,Tillie,2009
1890s,190,Clifton,815,Vivian,1999
1890s,191,Bill,789,Millie,1959
1890s,192,Irvin,789,Rena,1945
1890s,193,Sherman,766,Kathleen,1942
1890s,194,Owen,761,Fern,1937
1890s,195,Gerald,753,Elva,1900
1890s,196,Clayton,752,Erma,1895
1890s,197,Steve,752,Isabelle,1890
1890s,198,Moses,751,Norma,1885
1890s,199,Simon,731,Delia,1871
1890s,200,Jasper,725,Virgie,1811
1900s,1,John,84591,Mary,161504
1900s,2,William,69320,Helen,69428
1900s,3,James,62170,Margaret,57920
1900s,4,George,43589,Anna,54918
1900s,5,Charles,36184,Ruth,51010
1900s,6,Robert,35849,Elizabeth,41708
1900s,7,Joseph,35173,Dorothy,39112
1900s,8,Frank,29046,Marie,37091
1900s,9,Edward,24516,Florence,36191
1900s,10,Thomas,21783,Mildred,36173
1900s,11,Henry,21772,Alice,35232
1900s,12,Walter,19997,Ethel,34868
1900s,13,Harry,17906,Lillian,32519
1900s,14,Willie,17746,Gladys,30285
1900s,15,Arthur,15409,Edna,29832
1900s,16,Albert,15318,Frances,28499
1900s,17,Clarence,13573,Rose,28106
1900s,18,Fred,13076,Annie,27748
1900s,19,Harold,12795,Grace,26927
1900s,20,Paul,12636,Bertha,24247
1900s,21,Raymond,11650,Emma,24176
1900s,22,Richard,10676,Bessie,23984
1900s,23,Roy,10632,Clara,23899
1900s,24,Joe,10466,Hazel,23802
1900s,25,Louis,10372,Irene,23656
1900s,26,Carl,9865,Gertrude,23607
1900s,27,Ralph,9298,Louise,22862
1900s,28,Earl,9251,Catherine,22007
1900s,29,Jack,9222,Martha,21750
1900s,30,Ernest,8657,Mabel,21625
1900s,31,David,8620,Pearl,20913
1900s,32,Samuel,8149,Edith,20884
1900s,33,Howard,8014,Esther,20026
1900s,34,Charlie,7928,Minnie,19715
1900s,35,Francis,7021,Myrtle,19691
1900s,36,Herbert,6957,Ida,18866
1900s,37,Lawrence,6846,Josephine,18785
1900s,38,Theodore,6490,Evelyn,18603
1900s,39,Alfred,6356,Elsie,18452
1900s,40,Andrew,6278,Eva,18357
1900s,41,Elmer,6161,Thelma,18265
1900s,42,Sam,6161,Ruby,18175
1900s,43,Eugene,5909,Agnes,17616
1900s,44,Leo,5629,Sarah,17342
1900s,45,Michael,5220,Viola,16559
1900s,46,Lee,5158,Nellie,16339
1900s,47,Herman,5064,Beatrice,16282
1900s,48,Anthony,5043,Julia,16107
1900s,49,Daniel,5036,Laura,15532
1900s,50,Leonard,5022,Lillie,15391
1900s,51,Floyd,4968,Lucille,15041
1900s,52,Donald,4632,Ella,14763
1900s,53,Kenneth,4579,Virginia,14539
1900s,54,Jesse,4559,Mattie,13837
1900s,55,Russell,4552,Pauline,13310
1900s,56,Clyde,4524,Carrie,13140
1900s,57,Oscar,4517,Alma,13092
1900s,58,Peter,4376,Jessie,12756
1900s,59,Lester,4361,Mae,12711
1900s,60,Leroy,4300,Lena,12703
1900s,61,Ray,4256,Willie,12357
1900s,62,Stanley,4156,Katherine,12105
1900s,63,Clifford,4055,Blanche,11730
1900s,64,Lewis,4042,Hattie,11717
1900s,65,Benjamin,4009,Marion,11713
1900s,66,Edwin,3961,Lucy,11020
1900s,67,Frederick,3900,Stella,11014
1900s,68,Chester,3788,Mamie,10618
1900s,69,Claude,3704,Vera,10457
1900s,70,Eddie,3695,Cora,10372
1900s,71,Cecil,3610,Fannie,10346
1900s,72,Lloyd,3507,Eleanor,10030
1900s,73,Jessie,3379,Bernice,10010
1900s,74,Martin,3346,Jennie,9988
1900s,75,Bernard,3296,Ann,9932
1900s,76,Tom,3293,Leona,9848
1900s,77,Will,3246,Beulah,9716
1900s,78,Norman,3178,Lula,9518
1900s,79,Edgar,3154,Rosa,9297
1900s,80,Harvey,3104,Ada,9121
1900s,81,Ben,3028,Ellen,8339
1900s,82,Homer,2915,Kathryn,8333
1900s,83,Luther,2866,Maggie,8289
1900s,84,Leon,2859,Doris,8252
1900s,85,Melvin,2840,Dora,8011
1900s,86,Philip,2817,Betty,7921
1900s,87,Johnnie,2781,Marguerite,7912
1900s,88,Jim,2718,Violet,7844
1900s,89,Milton,2695,Lois,7691
1900s,90,Everett,2597,Daisy,7687
1900s,91,Allen,2558,Anne,7615
1900s,92,Leslie,2531,Sadie,7461
1900s,93,Alvin,2484,Susie,7312
1900s,94,Victor,2447,Nora,7172
1900s,95,Marvin,2324,Georgia,7142
1900s,96,Stephen,2247,Maude,7142
1900s,97,Alexander,2230,Marjorie,7025
1900s,98,Jacob,2191,Opal,6791
1900s,99,Hugh,2176,Hilda,6783
1900s,100,Patrick,2141,Velma,6558
1900s,101,Virgil,2134,Emily,6423
1900s,102,Horace,2125,Theresa,6396
1900s,103,Glenn,2122,Charlotte,6194
1900s,104,Oliver,2088,Inez,6115
1900s,105,Morris,2059,Olive,6027
1900s,106,Vernon,2053,Flora,6015
1900s,107,Archie,2048,Della,5958
1900s,108,Julius,2038,Lola,5949
1900s,109,Gerald,2014,Jean,5931
1900s,110,Sidney,1981,Effie,5870
1900s,111,Maurice,1980,Nancy,5733
1900s,112,Marion,1967,Nettie,5680
1900s,113,Otis,1966,Sylvia,5559
1900s,114,Vincent,1954,May,5546
1900s,115,Guy,1913,Lottie,5482
1900s,116,Earnest,1907,Alberta,5475
1900s,117,Wilbur,1839,Eunice,5376
1900s,118,Gilbert,1822,Sallie,5306
1900s,119,Willard,1821,Katie,5304
1900s,120,Ed,1814,Genevieve,5292
1900s,121,Roosevelt,1790,Estelle,5259
1900s,122,Hubert,1771,Lydia,5242
1900s,123,Manuel,1751,Loretta,5151
1900s,124,Warren,1748,Mable,5148
1900s,125,Otto,1746,Goldie,4966
1900s,126,Alex,1745,Eula,4871
1900s,127,Ira,1714,Rosie,4828
1900s,128,Wesley,1693,Lizzie,4824
1900s,129,Curtis,1683,Vivian,4818
1900s,130,Wallace,1654,Verna,4752
1900s,131,Lonnie,1645,Ollie,4725
1900s,132,Gordon,1642,Harriet,4600
1900s,133,Isaac,1638,Lucile,4566
1900s,134,Jerry,1636,Addie,4563
1900s,135,Charley,1633,Marian,4531
1900s,136,Jose,1627,Henrietta,4514
1900s,137,Nathan,1616,Jane,4498
1900s,138,Max,1567,Lela,4473
1900s,139,Mack,1562,Essie,4467
1900s,140,Rufus,1552,Caroline,4276
1900s,141,Arnold,1546,Ora,4262
1900s,142,Irving,1524,Iva,4212
1900s,143,Percy,1517,Sara,4210
1900s,144,Bill,1513,Maria,4174
1900s,145,Dan,1499,Madeline,4080
1900s,146,Willis,1468,Rebecca,4052
1900s,147,Bennie,1438,Wilma,4012
1900s,148,Jimmie,1372,Etta,4003
1900s,149,Orville,1365,Barbara,3999
1900s,150,Sylvester,1343,Rachel,3974
1900s,151,Rudolph,1339,Kathleen,3924
1900s,152,Glen,1337,Irma,3909
1900s,153,Nicholas,1334,Christine,3901
1900s,154,Dewey,1320,Geneva,3861
1900s,155,Emil,1319,Sophie,3839
1900s,156,Roland,1316,Juanita,3837
1900s,157,Steve,1307,Nina,3743
1900s,158,Calvin,1291,Naomi,3700
1900s,159,Mike,1281,Victoria,3692
1900s,160,Johnie,1276,Amelia,3664
1900s,161,Bert,1253,Erma,3623
1900s,162,August,1245,Mollie,3475
1900s,163,Clifton,1197,Susan,3447
1900s,164,Franklin,1196,Flossie,3410
1900s,165,Matthew,1188,Ola,3410
1900s,166,Emmett,1187,Nannie,3391
1900s,167,Phillip,1161,Norma,3335
1900s,168,Wayne,1158,Sally,3294
1900s,169,Edmund,1151,Olga,3172
1900s,170,Abraham,1145,Alta,3091
1900s,171,Nathaniel,1143,Estella,3068
1900s,172,Marshall,1135,Celia,2971
1900s,173,Dave,1133,Freda,2932
1900s,174,Elbert,1131,Isabel,2926
1900s,175,Clinton,1122,Amanda,2923
1900s,176,Felix,1108,Frieda,2897
1900s,177,Alton,1102,Luella,2895
1900s,178,Ellis,1100,Matilda,2892
1900s,179,Nelson,1064,Janie,2853
1900s,180,Amos,1062,Fern,2813
1900s,181,Clayton,1057,Cecelia,2793
1900s,182,Aaron,1050,Audrey,2707
1900s,183,Perry,1047,Winifred,2689
1900s,184,Adam,1021,Elva,2677
1900s,185,Tony,1020,Ina,2667
1900s,186,Irvin,1007,Adeline,2646
1900s,187,Jake,989,Leola,2615
1900s,188,Dennis,988,Hannah,2605
1900s,189,Jerome,972,Geraldine,2589
1900s,190,Mark,971,Amy,2576
1900s,191,Cornelius,956,Allie,2574
1900s,192,Ollie,952,Miriam,2566
1900s,193,Douglas,950,Isabelle,2514
1900s,194,Pete,949,Bonnie,2496
1900s,195,Ted,942,Virgie,2466
1900s,196,Adolph,941,Sophia,2460
1900s,197,Roger,928,Cleo,2441
1900s,198,Jay,926,Jeanette,2438
1900s,199,Roscoe,916,Nell,2436
1900s,200,Juan,912,Eliza,2397
1910s,1,John,376311,Mary,478636
1910s,2,William,303018,Helen,248154
1910s,3,James,275071,Dorothy,207476
1910s,4,Robert,239185,Margaret,189234
1910s,5,Joseph,179300,Ruth,173675
1910s,6,George,176609,Mildred,123998
1910s,7,Charles,173534,Anna,118998
1910s,8,Edward,125720,Elizabeth,116811
1910s,9,Frank,116017,Frances,105599
1910s,10,Thomas,91619,Virginia,94322
1910s,11,Walter,89145,Marie,92086
1910s,12,Harold,79721,Evelyn,91492
1910s,13,Henry,79667,Alice,85866
1910s,14,Paul,78216,Florence,81465
1910s,15,Richard,74603,Lillian,75914
1910s,16,Raymond,71820,Rose,74690
1910s,17,Albert,68207,Irene,68968
1910s,18,Arthur,67478,Louise,67973
1910s,19,Harry,65874,Edna,66897
1910s,20,Donald,57002,Catherine,65823
1910s,21,Ralph,52522,Gladys,65812
1910s,22,Louis,50600,Ethel,63662
1910s,23,Jack,49526,Josephine,61355
1910s,24,Clarence,49196,Ruby,60308
1910s,25,Carl,48454,Martha,59509
1910s,26,Willie,47690,Grace,57973
1910s,27,Howard,46596,Hazel,57068
1910s,28,Fred,44345,Thelma,57011
1910s,29,David,43853,Lucille,56147
1910s,30,Kenneth,43248,Edith,56059
1910s,31,Francis,41053,Eleanor,54163
1910s,32,Roy,40340,Doris,53249
1910s,33,Earl,40273,Annie,52301
1910s,34,Joe,38250,Pauline,50075
1910s,35,Ernest,37134,Gertrude,49565
1910s,36,Lawrence,36354,Esther,49212
1910s,37,Stanley,35908,Betty,44894
1910s,38,Anthony,35627,Beatrice,44515
1910s,39,Eugene,35160,Marjorie,44452
1910s,40,Samuel,34166,Clara,44346
1910s,41,Herbert,33860,Emma,41819
1910s,42,Alfred,32635,Bernice,40346
1910s,43,Leonard,31878,Bertha,40120
1910s,44,Michael,30860,Ann,39506
1910s,45,Elmer,28600,Jean,39284
1910s,46,Andrew,28152,Elsie,39274
1910s,47,Leo,26656,Julia,39259
1910s,48,Bernard,25628,Agnes,39255
1910s,49,Norman,25033,Lois,38179
1910s,50,Peter,24935,Sarah,38120
1910s,51,Russell,24842,Marion,37974
1910s,52,Daniel,23978,Katherine,36884
1910s,53,Edwin,23697,Eva,34909
1910s,54,Frederick,23542,Ida,34792
1910s,55,Chester,23500,Bessie,33859
1910s,56,Herman,22598,Pearl,33834
1910s,57,Lloyd,21743,Anne,33478
1910s,58,Melvin,21739,Viola,33077
1910s,59,Lester,21509,Myrtle,32432
1910s,60,Floyd,21472,Nellie,30879
1910s,61,Leroy,21275,Mabel,30783
1910s,62,Theodore,21106,Laura,30549
1910s,63,Clifford,20886,Kathryn,29235
1910s,64,Clyde,19865,Stella,28526
1910s,65,Charlie,19834,Vera,28289
1910s,66,Sam,18544,Willie,28179
1910s,67,Woodrow,18355,Jessie,27835
1910s,68,Vincent,18285,Jane,27740
1910s,69,Philip,18166,Alma,27515
1910s,70,Marvin,17821,Minnie,27486
1910s,71,Ray,17792,Sylvia,25655
1910s,72,Lewis,17787,Ella,24913
1910s,73,Milton,17522,Lillie,24651
1910s,74,Benjamin,17310,Rita,23850
1910s,75,Victor,17157,Leona,23825
1910s,76,Vernon,16967,Barbara,23704
1910s,77,Gerald,16522,Vivian,23634
1910s,78,Jesse,16293,Lena,23624
1910s,79,Martin,16097,Violet,23157
1910s,80,Cecil,15987,Lucy,23117
1910s,81,Alvin,15499,Jennie,23068
1910s,82,Lee,15380,Genevieve,22830
1910s,83,Willard,15364,Marguerite,22658
1910s,84,Leon,15280,Charlotte,22548
1910s,85,Oscar,14869,Mattie,22243
1910s,86,Glenn,14304,Marian,22158
1910s,87,Edgar,14080,Blanche,21977
1910s,88,Gordon,13641,Mae,21530
1910s,89,Stephen,13503,Ellen,21500
1910s,90,Harvey,13304,Wilma,21384
1910s,91,Sidney,12793,Juanita,20878
1910s,92,Claude,12792,Opal,20386
1910s,93,Everett,12748,June,19244
1910s,94,Arnold,12586,Geraldine,18990
1910s,95,Morris,12484,Beulah,18874
1910s,96,Wilbur,12411,Velma,18631
1910s,97,Warren,12012,Theresa,18348
1910s,98,Wayne,11572,Carrie,18067
1910s,99,Allen,11493,Phyllis,17885
1910s,100,Homer,11471,Maxine,17800
1910s,101,Maurice,11429,Nancy,17283
1910s,102,Alexander,11352,Emily,17069
1910s,103,Max,10859,Georgia,16673
1910s,104,Virgil,10858,Fannie,16633
1910s,105,Gilbert,10791,Kathleen,16592
1910s,106,Irving,10737,Hattie,16418
1910s,107,Leslie,10630,Inez,16342
1910s,108,Eddie,10507,Sophie,16179
1910s,109,Johnnie,10426,Rosa,15976
1910s,110,Nicholas,10233,Lorraine,15729
1910s,111,Hugh,10201,Hilda,15674
1910s,112,Julius,10193,Harriet,15598
1910s,113,Jessie,10170,Norma,15500
1910s,114,Marion,10156,Eunice,15474
1910s,115,Luther,9762,Sara,15409
1910s,116,Steve,9638,Cora,15317
1910s,117,Hubert,9597,Ada,15234
1910s,118,Ben,9539,Geneva,15043
1910s,119,Curtis,8911,Alberta,14575
1910s,120,Roland,8799,Loretta,14570
1910s,121,Jacob,8684,Mamie,14550
1910s,122,Wallace,8681,Christine,14094
1910s,123,Oliver,8657,Dora,14012
1910s,124,Glen,8544,Lula,13930
1910s,125,Horace,8489,Estelle,13807
1910s,126,Roger,8408,Verna,13214
1910s,127,Manuel,8371,Audrey,13139
1910s,128,Dale,8218,Madeline,13042
1910s,129,Franklin,8005,Shirley,12742
1910s,130,Mike,7942,Eileen,12706
1910s,131,Orville,7901,Daisy,12475
1910s,132,Alex,7871,Sadie,12388
1910s,133,Tom,7622,Olive,12355
1910s,134,Wesley,7603,Naomi,12030
1910s,135,Tony,7495,Lola,11765
1910s,136,Edmund,7422,Flora,11761
1910s,137,Jerome,7405,Lucile,11738
1910s,138,Willis,7339,Olga,11733
1910s,139,Nathan,7132,Mable,11718
1910s,140,Otis,6963,Muriel,11701
1910s,141,Archie,6933,Susie,11562
1910s,142,Douglas,6908,Maggie,11485
1910s,143,Rudolph,6857,Maria,11331
1910s,144,Earnest,6856,Jeanette,11134
1910s,145,Wilson,6835,Nora,11063
1910s,146,Emil,6701,Miriam,11048
1910s,147,Guy,6624,Erma,10953
1910s,148,Bill,6599,Dolores,10781
1910s,149,Jerry,6486,Victoria,10766
1910s,150,Matthew,6228,Wanda,10735
1910s,151,Patrick,6121,Janet,10713
1910s,152,Ira,6115,Lottie,10650
1910s,153,Clifton,6104,Caroline,10591
1910s,154,Angelo,6047,Rachel,10482
1910s,155,Abraham,6040,Irma,10461
1910s,156,Salvatore,5976,Henrietta,10400
1910s,157,Jose,5899,Roberta,10370
1910s,158,Jim,5764,Winifred,10255
1910s,159,Jimmie,5734,Eula,9852
1910s,160,Calvin,5713,Patricia,9707
1910s,161,Don,5683,Rosie,9565
1910s,162,Lyle,5657,Anita,9555
1910s,163,Bennie,5647,Rebecca,9474
1910s,164,Clayton,5641,Della,9450
1910s,165,Marshall,5585,Nettie,9332
1910s,166,Bruce,5577,Sally,9301
1910s,167,Otto,5552,Fern,9250
1910s,168,Sylvester,5420,Lydia,9025
1910s,169,Clinton,5302,Adeline,8985
1910s,170,Ronald,5301,Carolyn,8940
1910s,171,Wilbert,5275,Amelia,8832
1910s,172,Irvin,5259,Nina,8680
1910s,173,Delbert,5257,Jeanne,8646
1910s,174,Phillip,5135,Elaine,8576
1910s,175,Ervin,5011,Goldie,8563
1910s,176,Elbert,4990,Katie,8419
1910s,177,Wilfred,4976,Bonnie,8335
1910s,178,Isaac,4952,Antoinette,8216
1910s,179,Ivan,4932,May,8096
1910s,180,Felix,4928,Marcella,8080
1910s,181,Rufus,4901,Lorene,8034
1910s,182,August,4869,Essie,7999
1910s,183,Forrest,4860,Arlene,7781
1910s,184,Nathaniel,4795,Ollie,7760
1910s,185,Dan,4737,Dorothea,7750
1910s,186,Nelson,4731,Jeannette,7719
1910s,187,Karl,4694,Veronica,7693
1910s,188,Nick,4683,Effie,7683
1910s,189,Julian,4650,Isabel,7668
1910s,190,Merle,4645,Freda,7453
1910s,191,Aaron,4570,Regina,7389
1910s,192,Lonnie,4536,Sallie,7378
1910s,193,Adolph,4523,Cleo,7368
1910s,194,Adam,4480,Ora,7259
1910s,195,Jay,4455,Isabelle,7255
1910s,196,Ellis,4433,Rosemary,7079
1910s,197,Alton,4417,Addie,7077
1910s,198,Leland,4381,Eloise,7071
1910s,199,Pete,4352,Joan,7022
1910s,200,Bert,4327,Lela,7007
1920s,1,Robert,576374,Mary,701754
1920s,2,John,564053,Dorothy,368874
1920s,3,James,515302,Helen,290403
1920s,4,William,512402,Betty,283096
1920s,5,Charles,298030,Margaret,245009
1920s,6,George,261945,Ruth,218521
1920s,7,Joseph,243810,Virginia,169555
1920s,8,Richard,222598,Doris,151191
1920s,9,Edward,197348,Mildred,147156
1920s,10,Donald,191817,Frances,140391
1920s,11,Thomas,161109,Elizabeth,139672
1920s,12,Frank,151830,Evelyn,124166
1920s,13,Harold,133585,Anna,123895
1920s,14,Paul,132386,Marie,110564
1920s,15,Raymond,124213,Alice,110526
1920s,16,Walter,119810,Jean,105999
1920s,17,Jack,115983,Shirley,98601
1920s,18,Henry,104552,Barbara,97210
1920s,19,Kenneth,99489,Irene,92836
1920s,20,Arthur,97112,Marjorie,91221
1920s,21,Albert,94431,Florence,88295
1920s,22,David,88737,Lois,88132
1920s,23,Harry,86183,Martha,86788
1920s,24,Eugene,84755,Rose,85306
1920s,25,Ralph,84466,Lillian,83158
1920s,26,Howard,70348,Louise,82895
1920s,27,Carl,69851,Catherine,78881
1920s,28,Willie,67993,Ruby,76737
1920s,29,Louis,67693,Eleanor,74760
1920s,30,Clarence,66574,Patricia,74732
1920s,31,Earl,63602,Gladys,72561
1920s,32,Roy,63259,Annie,69467
1920s,33,Fred,62743,Josephine,69223
1920s,34,Joe,62676,Thelma,68767
1920s,35,Francis,59096,Edna,68629
1920s,36,Lawrence,56867,Norma,65242
1920s,37,Herbert,56531,Pauline,64075
1920s,38,Leonard,53793,Lucille,63883
1920s,39,Ernest,53653,Edith,62988
1920s,40,Alfred,50156,Gloria,62859
1920s,41,Anthony,50055,Ethel,62806
1920s,42,Stanley,49456,Phyllis,61871
1920s,43,Norman,49364,Grace,60060
1920s,44,Gerald,44522,Hazel,58984
1920s,45,Daniel,43407,June,56483
1920s,46,Samuel,43362,Bernice,55842
1920s,47,Bernard,42410,Marion,55178
1920s,48,Billy,42096,Dolores,51988
1920s,49,Melvin,40583,Rita,50587
1920s,50,Marvin,39588,Lorraine,49939
1920s,51,Warren,38775,Ann,49809
1920s,52,Michael,37894,Esther,49230
1920s,53,Leroy,37870,Beatrice,49229
1920s,54,Russell,37208,Juanita,48547
1920s,55,Leo,36960,Clara,48183
1920s,56,Andrew,35952,Jane,48049
1920s,57,Edwin,35255,Geraldine,48044
1920s,58,Elmer,34919,Sarah,46768
1920s,59,Peter,34068,Emma,46538
1920s,60,Floyd,33157,Joan,45351
1920s,61,Lloyd,33125,Joyce,44174
1920s,62,Ray,32045,Nancy,43807
1920s,63,Frederick,31512,Katherine,42745
1920s,64,Theodore,31287,Gertrude,42459
1920s,65,Clifford,31242,Elsie,42098
1920s,66,Vernon,29432,Julia,40331
1920s,67,Herman,29011,Agnes,39222
1920s,68,Clyde,28955,Wilma,39127
1920s,69,Chester,28435,Marian,38978
1920s,70,Philip,27268,Bertha,38571
1920s,71,Alvin,26872,Eva,38048
1920s,72,Lester,26513,Willie,37814
1920s,73,Wayne,26402,Audrey,37550
1920s,74,Vincent,26237,Theresa,36667
1920s,75,Gordon,25622,Vivian,36572
1920s,76,Leon,25577,Wanda,36007
1920s,77,Lewis,25328,Laura,35991
1920s,78,Charlie,25176,Charlotte,35752
1920s,79,Glenn,25157,Ida,35619
1920s,80,Calvin,24785,Elaine,34907
1920s,81,Martin,24242,Anne,34512
1920s,82,Milton,24198,Marilyn,34202
1920s,83,Lee,23556,Kathryn,33791
1920s,84,Jesse,23170,Maxine,33743
1920s,85,Dale,22753,Kathleen,33597
1920s,86,Cecil,22528,Viola,33251
1920s,87,Bill,22289,Pearl,32774
1920s,88,Harvey,21786,Vera,32542
1920s,89,Roger,21753,Bessie,32158
1920s,90,Victor,21498,Myrtle,30569
1920s,91,Benjamin,21028,Alma,30434
1920s,92,Wallace,20916,Beverly,30205
1920s,93,Ronald,20895,Violet,30022
1920s,94,Sam,20844,Nellie,29689
1920s,95,Allen,20092,Ella,29520
1920s,96,Arnold,19531,Lillie,29382
1920s,97,Willard,18441,Jessie,29289
1920s,98,Gilbert,18233,Jeanne,29119
1920s,99,Edgar,18037,Eileen,28588
1920s,100,Oscar,17740,Ellen,28391
1920s,101,Gene,17579,Lucy,27434
1920s,102,Jerry,17449,Minnie,26905
1920s,103,Douglas,17301,Sylvia,26841
1920s,104,Johnnie,17294,Donna,26160
1920s,105,Claude,16999,Leona,26031
1920s,106,Don,16941,Rosemary,25965
1920s,107,Eddie,16921,Stella,25901
1920s,108,Roland,16879,Mattie,25526
1920s,109,Everett,16471,Margie,25495
1920s,110,Maurice,16161,Genevieve,24780
1920s,111,Curtis,16138,Mabel,24522
1920s,112,Marion,16035,Janet,23973
1920s,113,Virgil,15992,Geneva,23273
1920s,114,Wilbur,15713,Georgia,23229
1920s,115,Manuel,15663,Bonnie,23172
1920s,116,Stephen,15557,Carol,22978
1920s,117,Jerome,15453,Velma,22875
1920s,118,Homer,15145,Lena,22844
1920s,119,Leslie,15065,Carolyn,22776
1920s,120,Glen,14965,Mae,22759
1920s,121,Jessie,14797,Jennie,22591
1920s,122,Hubert,14696,Maria,22584
1920s,123,Jose,14446,Christine,22334
1920s,124,Jimmie,14358,Arlene,21960
1920s,125,Sidney,14201,Peggy,21872
1920s,126,Morris,14141,Marguerite,21785
1920s,127,Hugh,14107,Opal,21542
1920s,128,Max,14081,Sara,21101
1920s,129,Bobby,13879,Loretta,21070
1920s,130,Bob,13691,Harriet,20873
1920s,131,Nicholas,13608,Rosa,20791
1920s,132,Luther,13197,Muriel,20481
1920s,133,Bruce,13179,Eunice,20172
1920s,134,Junior,12925,Jeanette,19783
1920s,135,Wesley,12861,Blanche,19619
1920s,136,Rudolph,12561,Carrie,19126
1920s,137,Alexander,12539,Emily,18754
1920s,138,Franklin,12509,Beulah,18626
1920s,139,Tom,11923,Billie,18471
1920s,140,Irving,11898,Dora,18334
1920s,141,Horace,11777,Roberta,18219
1920s,142,Willis,11704,Hilda,18191
1920s,143,Patrick,11460,Naomi,18184
1920s,144,Steve,11354,Anita,18052
1920s,145,Johnny,11342,Jacqueline,17882
1920s,146,Dean,11155,Alberta,17861
1920s,147,Julius,10982,Inez,17597
1920s,148,Keith,10915,Delores,16462
1920s,149,Oliver,10900,Fannie,16456
1920s,150,Earnest,10869,Hattie,16368
1920s,151,Ben,10610,Lula,16316
1920s,152,Jim,10566,Verna,16265
1920s,153,Tony,10398,Cora,16160
1920s,154,Edmund,10205,Constance,15570
1920s,155,Lyle,10163,Madeline,15558
1920s,156,Guy,9872,Miriam,15504
1920s,157,Salvatore,9854,Ada,15134
1920s,158,Orville,9722,Claire,14994
1920s,159,Delbert,9678,Mamie,14806
1920s,160,Billie,9548,Lola,14654
1920s,161,Phillip,9525,Rosie,14290
1920s,162,Clayton,9414,Erma,14260
1920s,163,Otis,9352,Rachel,14199
1920s,164,Archie,9293,Mable,14010
1920s,165,Alex,9182,Flora,13962
1920s,166,Angelo,9130,Daisy,13659
1920s,167,Mike,9076,Sally,13472
1920s,168,Jacob,9047,Marcella,13397
1920s,169,Clifton,8732,Bette,13273
1920s,170,Bennie,8595,Olga,12787
1920s,171,Matthew,8566,Caroline,12694
1920s,172,Duane,8565,Laverne,12642
1920s,173,Clinton,8443,Sophie,12552
1920s,174,Dennis,8145,Nora,12298
1920s,175,Wilbert,8113,Rebecca,12281
1920s,176,Dan,8100,Estelle,12279
1920s,177,Jay,8054,Irma,12237
1920s,178,Marshall,8040,Susie,12179
1920s,179,Leland,8022,Eula,12160
1920s,180,Merle,7970,Winifred,12083
1920s,181,Ira,7911,Eloise,11922
1920s,182,Nathaniel,7794,Janice,11810
1920s,183,Ivan,7627,Maggie,11696
1920s,184,Ervin,7594,Antoinette,11578
1920s,185,Jimmy,7332,Nina,11329
1920s,186,Irvin,7246,Rosalie,11296
1920s,187,Alton,7243,Imogene,11295
1920s,188,Lowell,7236,Lorene,11243
1920s,189,Dewey,7224,Olive,10889
1920s,190,Larry,7219,Sadie,10846
1920s,191,Emil,7170,Regina,10676
1920s,192,Antonio,7140,Victoria,10547
1920s,193,Wilfred,7134,Henrietta,10453
1920s,194,Elbert,7076,Della,10366
1920s,195,Juan,7039,Bettie,10335
1920s,196,Alan,7013,Lila,10304
1920s,197,Allan,6989,Fern,10254
1920s,198,Lonnie,6979,Faye,10233
1920s,199,Nelson,6927,Johnnie,10065
1920s,200,Forrest,6910,Jeannette,9992
1930s,1,Robert,590793,Mary,572995
1930s,2,James,547475,Betty,300406
1930s,3,John,487941,Barbara,296418
1930s,4,William,416723,Shirley,229378
1930s,5,Richard,330496,Patricia,220579
1930s,6,Charles,303210,Dorothy,210413
1930s,7,Donald,283710,Joan,173438
1930s,8,George,192288,Margaret,157369
1930s,9,Thomas,183872,Nancy,142484
1930s,10,Joseph,180562,Helen,140425
1930s,11,David,164699,Carol,117729
1930s,12,Edward,147845,Joyce,115504
1930s,13,Ronald,140332,Doris,110657
1930s,14,Paul,125769,Ruth,109205
1930s,15,Kenneth,125107,Virginia,103085
1930s,16,Frank,108084,Marilyn,98531
1930s,17,Raymond,99580,Elizabeth,96479
1930s,18,Jack,96395,Jean,94186
1930s,19,Harold,95466,Frances,92117
1930s,20,Billy,88340,Beverly,80841
1930s,21,Gerald,82816,Lois,80712
1930s,22,Walter,80904,Alice,78968
1930s,23,Jerry,80689,Donna,78846
1930s,24,Joe,71467,Martha,77697
1930s,25,Eugene,70940,Dolores,77136
1930s,26,Henry,70418,Janet,76034
1930s,27,Bobby,69416,Phyllis,73804
1930s,28,Arthur,67729,Norma,72876
1930s,29,Carl,66757,Carolyn,69525
1930s,30,Larry,65248,Evelyn,69363
1930s,31,Ralph,63801,Gloria,68588
1930s,32,Albert,62828,Anna,66597
1930s,33,Willie,62466,Marie,65801
1930s,34,Fred,56162,Ann,64061
1930s,35,Michael,55999,Mildred,61735
1930s,36,Lawrence,54486,Rose,59108
1930s,37,Harry,53116,Peggy,56272
1930s,38,Roy,51495,Geraldine,50040
1930s,39,Howard,51494,Catherine,50026
1930s,40,Norman,49986,Judith,49905
1930s,41,Roger,49611,Louise,49859
1930s,42,Daniel,47997,Janice,49343
1930s,43,Louis,47755,Marjorie,49212
1930s,44,Earl,44613,Annie,48946
1930s,45,Gary,43593,Ruby,47647
1930s,46,Clarence,42676,Eleanor,46379
1930s,47,Anthony,42544,Jane,45814
1930s,48,Francis,41384,Sandra,45399
1930s,49,Wayne,41140,Irene,44449
1930s,50,Marvin,41084,Wanda,43073
1930s,51,Ernest,39346,Elaine,41108
1930s,52,Leonard,39214,June,40743
1930s,53,Herbert,37823,Joanne,40579
1930s,54,Melvin,37705,Rita,38740
1930s,55,Stanley,37131,Florence,37940
1930s,56,Leroy,36256,Delores,37603
1930s,57,Don,35980,Lillian,37393
1930s,58,Peter,35821,Marlene,37355
1930s,59,Jimmy,35397,Edna,36973
1930s,60,Alfred,34390,Sarah,36513
1930s,61,Dale,32535,Patsy,36474
1930s,62,Bill,32335,Lorraine,36334
1930s,63,Samuel,32133,Thelma,36254
1930s,64,Bernard,30544,Josephine,36051
1930s,65,Ray,30210,Juanita,35916
1930s,66,Gene,29312,Bonnie,35802
1930s,67,Philip,28847,Arlene,34796
1930s,68,Russell,28839,Gladys,34762
1930s,69,Frederick,26603,Joann,34696
1930s,70,Franklin,26380,Sally,34679
1930s,71,Dennis,26366,Charlotte,34646
1930s,72,Douglas,26032,Kathleen,34551
1930s,73,Jimmie,25812,Audrey,34007
1930s,74,Gordon,25458,Pauline,33690
1930s,75,Andrew,25025,Wilma,33187
1930s,76,Theodore,24957,Sylvia,33010
1930s,77,Floyd,24887,Theresa,32785
1930s,78,Johnny,24596,Jacqueline,32115
1930s,79,Allen,24357,Clara,31658
1930s,80,Glenn,24222,Ethel,31582
1930s,81,Bruce,24119,Loretta,31536
1930s,82,Edwin,24022,Grace,31357
1930s,83,Lee,23954,Sharon,31083
1930s,84,Lloyd,23798,Edith,31048
1930s,85,Bob,23293,Lucille,30843
1930s,86,Clifford,23101,Emma,30021
1930s,87,Leon,23005,Bernice,29905
1930s,88,Leo,22863,Marion,29564
1930s,89,Clyde,22453,Linda,29358
1930s,90,Eddie,22328,Jo,28653
1930s,91,Vernon,22196,Anne,28621
1930s,92,Martin,21928,Hazel,28565
1930s,93,Alvin,21485,Roberta,27731
1930s,94,Jim,20823,Carole,26768
1930s,95,Herman,20319,Darlene,25956
1930s,96,Lewis,20017,Esther,25791
1930s,97,Harvey,19904,Katherine,25193
1930s,98,Tommy,19857,Ellen,25139
1930s,99,Vincent,19407,Laura,25093
1930s,100,Charlie,19154,Julia,24937
1930s,101,Warren,19150,Rosemary,24856
1930s,102,Jerome,18965,Jeanette,24753
1930s,103,Jesse,18929,Marian,23906
1930s,104,Patrick,18389,Willie,23873
1930s,105,Stephen,18272,Beatrice,23714
1930s,106,Curtis,18008,Margie,23342
1930s,107,Arnold,17888,Billie,23297
1930s,108,Gilbert,17746,Vivian,22932
1930s,109,Elmer,17371,Eva,22797
1930s,110,Lester,16984,Kathryn,22582
1930s,111,Duane,16855,Elsie,22345
1930s,112,Phillip,16533,Judy,22311
1930s,113,Cecil,16482,Eileen,22258
1930s,114,Tom,16427,Anita,22224
1930s,115,Alan,16374,Diane,22197
1930s,116,Milton,15729,Bertha,21234
1930s,117,Jackie,15678,Susan,21028
1930s,118,Victor,15570,Maria,20637
1930s,119,Johnnie,15334,Maxine,20477
1930s,120,Roland,15001,Ida,20232
1930s,121,Benjamin,14612,Yvonne,20224
1930s,122,Glen,14485,Ella,19963
1930s,123,Chester,14413,Lillie,19923
1930s,124,Calvin,14177,Constance,19896
1930s,125,Keith,13867,Sue,19506
1930s,126,Dean,13628,Bobbie,19479
1930s,127,Sam,13350,Georgia,19015
1930s,128,Wallace,13241,Jeanne,18757
1930s,129,Claude,12742,Christine,18488
1930s,130,Maurice,12638,Sara,18261
1930s,131,Willard,12458,Alma,18251
1930s,132,Manuel,12330,Bessie,18035
1930s,133,Jose,12297,Agnes,18032
1930s,134,Leslie,12242,Vera,18022
1930s,135,Edgar,11860,Nellie,17703
1930s,136,Marion,11859,Kay,17301
1930s,137,Max,11757,Jessie,17248
1930s,138,Hugh,11699,Karen,16692
1930s,139,Oscar,11373,Lucy,16413
1930s,140,Virgil,11363,Mattie,16295
1930s,141,Allan,11358,Gertrude,16137
1930s,142,Jessie,11232,Rosa,16048
1930s,143,Darrell,11124,Minnie,15874
1930s,144,Terry,11025,Gail,15853
1930s,145,Everett,10955,Connie,15653
1930s,146,Wesley,10937,Geneva,14279
1930s,147,Ted,10526,Viola,14256
1930s,148,Freddie,10456,Velma,14250
1930s,149,Jay,10217,Marcia,14246
1930s,150,Dick,10163,Leona,14173
1930s,151,Hubert,9819,Myrtle,14134
1930s,152,Nicholas,9716,Violet,13863
1930s,153,Billie,9703,Rosalie,13713
1930s,154,Rodney,9695,Harriet,13690
1930s,155,Lowell,9659,Annette,13531
1930s,156,Dan,9629,Naomi,13500
1930s,157,Neil,9466,Charlene,13471
1930s,158,Sidney,9420,Pearl,13295
1930s,159,Homer,9413,Joy,13185
1930s,160,Delbert,9166,Mae,12860
1930s,161,Tony,9163,Suzanne,12760
1930s,162,Morris,9113,Claire,12639
1930s,163,Lyle,9058,Rebecca,12615
1930s,164,Wilbur,9044,Faye,12555
1930s,165,Luther,8860,Carrie,12526
1930s,166,Earnest,8722,Pat,12462
1930s,167,Ronnie,8708,Dora,12386
1930s,168,Bennie,8704,Rachel,12268
1930s,169,Joel,8688,Rosie,12060
1930s,170,Ben,8638,Emily,11916
1930s,171,Steve,8572,Eunice,11601
1930s,172,Rudolph,8199,Maureen,11460
1930s,173,Willis,8191,Alberta,11347
1930s,174,Horace,8126,Cora,11253
1930s,175,Lonnie,8117,Stella,11204
1930s,176,Mike,8028,Lula,11078
1930s,177,Junior,8004,Sheila,10958
1930s,178,Carroll,7963,Caroline,10844
1930s,179,Karl,7723,Glenda,10590
1930s,180,Guy,7564,Verna,10582
1930s,181,Roosevelt,7481,Lena,10538
1930s,182,Otis,7456,Lola,10391
1930s,183,Mark,7444,Myrna,10235
1930s,184,Nathaniel,7411,Hattie,10229
1930s,185,Danny,7236,Rosemarie,10130
1930s,186,Alton,7215,Ramona,10118
1930s,187,Marshall,7174,Gwendolyn,10107
1930s,188,Clayton,7171,Jeannette,9798
1930s,189,Alexander,7094,Erma,9701
1930s,190,Benny,6863,Genevieve,9690
1930s,191,Clifton,6857,Cynthia,9667
1930s,192,Archie,6733,Nina,9663
1930s,193,Oliver,6709,Patty,9625
1930s,194,Clinton,6708,Fannie,9551
1930s,195,Barry,6644,Diana,9501
1930s,196,Juan,6613,Jennie,9488
1930s,197,Salvatore,6482,Hilda,9454
1930s,198,Nelson,6473,Marguerite,9328
1930s,199,Jon,6363,Johnnie,9064
1930s,200,Alex,6306,Daisy,9063
1940s,1,James,795758,Mary,640072
1940s,2,Robert,758107,Linda,531655
1940s,3,John,711591,Barbara,425262
1940s,4,William,556451,Patricia,411410
1940s,5,Richard,477463,Carol,292329
1940s,6,David,426359,Sandra,265536
1940s,7,Charles,361752,Nancy,252057
1940s,8,Thomas,350766,Sharon,221235
1940s,9,Michael,336561,Judith,218035
1940s,10,Ronald,282468,Susan,212014
1940s,11,Larry,255904,Betty,194623
1940s,12,Donald,247826,Carolyn,181854
1940s,13,Joseph,230275,Margaret,173023
1940s,14,Gary,217767,Shirley,171780
1940s,15,George,209004,Judy,167717
1940s,16,Kenneth,198545,Karen,167699
1940s,17,Paul,183348,Donna,165523
1940s,18,Edward,174794,Kathleen,152980
1940s,19,Jerry,167245,Joyce,151494
1940s,20,Dennis,162112,Dorothy,132254
1940s,21,Frank,119421,Janet,130754
1940s,22,Daniel,112777,Diane,122876
1940s,23,Raymond,109067,Janice,118892
1940s,24,Roger,107597,Joan,117707
1940s,25,Stephen,106808,Elizabeth,116548
1940s,26,Gerald,103342,Brenda,112412
1940s,27,Walter,83727,Gloria,105052
1940s,28,Harold,82175,Virginia,98998
1940s,29,Steven,81204,Marilyn,98977
1940s,30,Douglas,80758,Martha,95384
1940s,31,Lawrence,80457,Beverly,95123
1940s,32,Terry,76966,Helen,90742
1940s,33,Wayne,75126,Bonnie,86886
1940s,34,Arthur,73967,Ruth,85662
1940s,35,Jack,73920,Frances,85444
1940s,36,Carl,72737,Jean,80365
1940s,37,Henry,72483,Ann,76795
1940s,38,Willie,72418,Phyllis,76139
1940s,39,Bruce,72096,Pamela,73120
1940s,40,Joe,72013,Jane,72537
1940s,41,Peter,69330,Alice,72392
1940s,42,Billy,67828,Peggy,72121
1940s,43,Roy,65643,Cheryl,70959
1940s,44,Ralph,64978,Doris,64142
1940s,45,Anthony,64826,Catherine,62085
1940s,46,Jimmy,63522,Elaine,60103
1940s,47,Albert,60276,Cynthia,58060
1940s,48,Bobby,58889,Marie,57521
1940s,49,Eugene,57269,Lois,56854
1940s,50,Johnny,57198,Connie,56603
1940s,51,Fred,56664,Christine,54562
1940s,52,Harry,56244,Diana,53698
1940s,53,Howard,53529,Gail,53139
1940s,54,Mark,50731,Joanne,51653
1940s,55,Alan,50302,Rose,51641
1940s,56,Louis,49427,Wanda,50776
1940s,57,Philip,48733,Carole,50303
1940s,58,Patrick,48617,Rita,49853
1940s,59,Dale,46811,Charlotte,49478
1940s,60,Danny,46657,Jo,48448
1940s,61,Stanley,46263,Evelyn,48158
1940s,62,Leonard,44285,Geraldine,47933
1940s,63,Timothy,43502,Jacqueline,45558
1940s,64,Gregory,43223,Ellen,45405
1940s,65,Samuel,43127,Sally,45344
1940s,66,Ronnie,42456,Rebecca,45313
1940s,67,Norman,42164,Kathryn,44581
1940s,68,Ernest,41760,Deborah,44055
1940s,69,Russell,41332,Norma,43030
1940s,70,Francis,39518,Suzanne,41404
1940s,71,Melvin,39235,Anna,41281
1940s,72,Earl,39126,Sue,40943
1940s,73,Frederick,39112,Darlene,40321
1940s,74,Allen,39048,Patsy,40279
1940s,75,Bill,37756,Joann,40016
1940s,76,Tommy,37045,Sarah,39975
1940s,77,Phillip,36988,Katherine,39911
1940s,78,Marvin,36443,Paula,39044
1940s,79,Steve,36283,Annie,38714
1940s,80,Don,36253,Louise,38663
1940s,81,Clarence,36196,Roberta,38049
1940s,82,Barry,36190,Sylvia,37286
1940s,83,Glenn,35716,Anne,36145
1940s,84,Jim,35631,Theresa,35790
1940s,85,Eddie,34806,Sheila,35741
1940s,86,Mike,34643,Maria,35568
1940s,87,Andrew,34617,Laura,35070
1940s,88,Jeffrey,34342,Kathy,34765
1940s,89,Leroy,33861,Eileen,34694
1940s,90,Alfred,31995,Marcia,34395
1940s,91,Martin,31402,Rosemary,34296
1940s,92,Lee,30976,Glenda,33348
1940s,93,Tom,29884,Dolores,33099
1940s,94,Ray,29654,Mildred,33069
1940s,95,Herbert,28705,Lorraine,33046
1940s,96,Gene,27740,Marjorie,32901
1940s,97,Bernard,26446,Sherry,32758
1940s,98,Theodore,26246,Kay,32653
1940s,99,Curtis,26005,Anita,32528
1940s,100,Keith,25871,Dianne,32296
1940s,101,Clifford,25821,Ruby,31873
1940s,102,Rodney,24846,Irene,31821
1940s,103,Gordon,24468,Juanita,30444
1940s,104,Jimmie,24360,Maureen,30261
1940s,105,Jesse,24336,Loretta,30120
1940s,106,Vincent,23897,Jeanne,30116
1940s,107,Warren,23738,Constance,29912
1940s,108,Lloyd,23603,Lynn,29387
1940s,109,Leon,23577,Marlene,29294
1940s,110,Jerome,23110,Arlene,29093
1940s,111,Edwin,22974,Delores,28504
1940s,112,Brian,22794,Lynda,27952
1940s,113,Victor,22520,Julia,27891
1940s,114,Bob,21376,Marsha,27414
1940s,115,Floyd,20996,Charlene,26782
1940s,116,Lewis,20930,June,25168
1940s,117,Harvey,20763,Jeanette,24728
1940s,118,Alvin,20715,Edna,24699
1940s,119,Clyde,20708,Josephine,24324
1940s,120,Craig,20289,Eleanor,23760
1940s,121,Vernon,20038,Yvonne,23673
1940s,122,Leslie,19389,Vicki,23493
1940s,123,Franklin,19311,Vivian,22913
1940s,124,Calvin,19241,Emma,22788
1940s,125,Jon,19034,Georgia,22393
1940s,126,Jay,18656,Lillian,22312
1940s,127,Charlie,18264,Edith,22149
1940s,128,Darrell,18226,Pauline,21912
1940s,129,Jackie,18124,Wilma,21192
1940s,130,Dan,18016,Victoria,20752
1940s,131,Allan,17829,Ethel,20582
1940s,132,Randall,17775,Lucille,20452
1940s,133,Joel,17424,Florence,20394
1940s,134,Gilbert,17352,Sara,20275
1940s,135,Benjamin,17184,Margie,20261
1940s,136,Lester,17080,Thelma,20229
1940s,137,Duane,17070,Clara,20028
1940s,138,Leo,16961,Audrey,19718
1940s,139,Tony,16960,Grace,19369
1940s,140,Herman,16853,Teresa,19330
1940s,141,Jose,16818,Annette,19178
1940s,142,Glen,16550,Claudia,19174
1940s,143,Johnnie,16422,Gladys,19062
1940s,144,Dean,16356,Julie,19036
1940s,145,Arnold,16038,Marion,18491
1940s,146,Lonnie,15900,Gwendolyn,18343
1940s,147,Christopher,15865,Priscilla,18123
1940s,148,Nicholas,15504,Willie,18098
1940s,149,Freddie,15376,Esther,17638
1940s,150,Chester,15285,Eva,17561
1940s,151,Eric,15190,Andrea,17061
1940s,152,Milton,14879,Maryann,17053
1940s,153,Cecil,14837,Bernice,17031
1940s,154,Lynn,14202,Rosa,16795
1940s,155,Manuel,14186,Hazel,16658
1940s,156,Randy,14164,Billie,16371
1940s,157,Roland,13091,Bertha,16225
1940s,158,Ted,13027,Gayle,16198
1940s,159,Dwight,12864,Bobbie,16197
1940s,160,Claude,12818,Pat,16150
1940s,161,Wesley,12465,Maxine,16071
1940s,162,Neil,12427,Marian,16041
1940s,163,Sam,12350,Ella,15976
1940s,164,Scott,12161,Paulette,15901
1940s,165,Dave,11740,Joy,15565
1940s,166,Wallace,11465,Beatrice,15561
1940s,167,Kevin,11272,Cathy,15550
1940s,168,Hugh,10996,Lillie,15358
1940s,169,Donnie,10988,Janis,14862
1940s,170,Elmer,10878,Leslie,14856
1940s,171,Micheal,10619,Ida,14292
1940s,172,Willard,10602,Lynne,14236
1940s,173,Juan,10556,Deanna,13739
1940s,174,Maurice,10477,Faye,13711
1940s,175,Jessie,10321,Terry,13699
1940s,176,Garry,10318,Valerie,13694
1940s,177,Marshall,10241,Emily,13409
1940s,178,Oscar,10186,Rachel,13409
1940s,179,Edgar,9804,Lucy,13128
1940s,180,Karl,9723,Janie,13119
1940s,181,Marion,9668,Penny,13113
1940s,182,Sidney,9609,Jackie,13090
1940s,183,Stuart,9525,Harriet,12924
1940s,184,Nathaniel,9490,Regina,12713
1940s,185,Alexander,9478,Rosalie,12587
1940s,186,Sammy,9360,Alma,12400
1940s,187,Everett,9314,Angela,12259
1940s,188,Benny,9302,Vera,12189
1940s,189,Guy,8953,Jessie,12150
1940s,190,Virgil,8949,Marianne,11946
1940s,191,Morris,8804,Stephanie,11936
1940s,192,Matthew,8760,Jill,11865
1940s,193,Earnest,8706,Mattie,11781
1940s,194,Lyle,8618,Minnie,11735
1940s,195,Max,8525,Caroline,11625
1940s,196,Bennie,8480,Michele,11606
1940s,197,Wendell,8377,Veronica,11528
1940s,198,Kent,8346,Patty,11417
1940s,199,Jonathan,8296,Rosie,11404
1940s,200,Fredrick,8231,Stella,11363
1950s,1,James,843731,Mary,625603
1950s,2,Michael,837430,Linda,564353
1950s,3,Robert,830364,Patricia,459671
1950s,4,John,797882,Susan,437765
1950s,5,David,769911,Deborah,430534
1950s,6,William,591197,Barbara,345724
1950s,7,Richard,535428,Debra,341343
1950s,8,Thomas,454368,Karen,332525
1950s,9,Mark,382566,Nancy,286807
1950s,10,Charles,361172,Donna,270332
1950s,11,Steven,333641,Cynthia,263425
1950s,12,Gary,329927,Sandra,251591
1950s,13,Joseph,299989,Pamela,237396
1950s,14,Donald,273566,Sharon,232805
1950s,15,Ronald,271131,Kathleen,224339
1950s,16,Kenneth,262807,Carol,222649
1950s,17,Paul,253176,Diane,210628
1950s,18,Larry,245680,Brenda,209236
1950s,19,Daniel,243706,Cheryl,171389
1950s,20,Stephen,207266,Janet,167515
1950s,21,Dennis,204258,Elizabeth,165658
1950s,22,Timothy,198303,Kathy,157928
1950s,23,Edward,188319,Margaret,149582
1950s,24,Jeffrey,184655,Janice,133616
1950s,25,George,181022,Carolyn,124069
1950s,26,Gregory,178442,Denise,123781
1950s,27,Kevin,159000,Judy,118059
1950s,28,Douglas,148193,Rebecca,115689
1950s,29,Terry,140722,Joyce,114980
1950s,30,Anthony,136641,Teresa,114280
1950s,31,Jerry,136569,Christine,113341
1950s,32,Bruce,136452,Catherine,108838
1950s,33,Randy,120528,Shirley,108807
1950s,34,Brian,112330,Judith,108755
1950s,35,Frank,112322,Betty,103201
1950s,36,Scott,111814,Beverly,97786
1950s,37,Roger,110151,Lisa,95821
1950s,38,Raymond,108931,Laura,95525
1950s,39,Peter,102748,Theresa,89601
1950s,40,Patrick,96850,Connie,88801
1950s,41,Keith,91228,Ann,87044
1950s,42,Lawrence,91108,Gloria,86707
1950s,43,Wayne,88096,Julie,86690
1950s,44,Danny,86638,Gail,85618
1950s,45,Alan,83974,Joan,85178
1950s,46,Gerald,82623,Paula,84868
1950s,47,Ricky,79162,Peggy,84292
1950s,48,Carl,78751,Cindy,83977
1950s,49,Christopher,78315,Martha,83188
1950s,50,Dale,75563,Bonnie,83011
1950s,51,Walter,72196,Jane,82920
1950s,52,Craig,69478,Cathy,82718
1950s,53,Willie,66458,Robin,82425
1950s,54,Johnny,65781,Debbie,82098
1950s,55,Arthur,65714,Diana,80235
1950s,56,Steve,64222,Marilyn,80160
1950s,57,Joe,62620,Kathryn,77801
1950s,58,Randall,62449,Dorothy,74476
1950s,59,Russell,62399,Wanda,72448
1950s,60,Jack,62384,Jean,72264
1950s,61,Henry,62230,Vicki,71979
1950s,62,Harold,62178,Sheila,70173
1950s,63,Roy,61845,Virginia,69783
1950s,64,Andrew,60967,Sherry,68323
1950s,65,Philip,60849,Katherine,66852
1950s,66,Ralph,60438,Rose,66689
1950s,67,Billy,59279,Lynn,66047
1950s,68,Glenn,58710,Jo,63942
1950s,69,Stanley,57161,Ruth,62535
1950s,70,Jimmy,54889,Maria,62450
1950s,71,Rodney,54815,Darlene,61885
1950s,72,Barry,54806,Jacqueline,60460
1950s,73,Samuel,53767,Rita,60267
1950s,74,Eric,53296,Rhonda,59816
1950s,75,Bobby,53281,Phyllis,57769
1950s,76,Albert,52835,Helen,57576
1950s,77,Phillip,52457,Vickie,56857
1950s,78,Ronnie,51297,Kim,56080
1950s,79,Martin,50987,Lori,56069
1950s,80,Mike,48347,Ellen,55391
1950s,81,Eugene,48281,Elaine,54234
1950s,82,Louis,47928,Joanne,53570
1950s,83,Howard,47855,Anne,52402
1950s,84,Allen,47319,Valerie,52234
1950s,85,Curtis,46318,Alice,52074
1950s,86,Jeffery,45877,Frances,51200
1950s,87,Frederick,44279,Suzanne,50329
1950s,88,Leonard,43553,Marie,49264
1950s,89,Harry,43333,Victoria,49126
1950s,90,Micheal,40913,Kimberly,48957
1950s,91,Tony,40782,Anita,47592
1950s,92,Ernest,39678,Laurie,46961
1950s,93,Eddie,38595,Michelle,46780
1950s,94,Fred,37449,Sally,46705
1950s,95,Darrell,37256,Terri,46431
1950s,96,Jay,36968,Marcia,43734
1950s,97,Melvin,36166,Terry,43192
1950s,98,Lee,35824,Jennifer,43071
1950s,99,Matthew,35793,Leslie,43046
1950s,100,Vincent,35352,Doris,42896
1950s,101,Tommy,34968,Maureen,42812
1950s,102,Francis,34763,Wendy,42674
1950s,103,Marvin,34704,Michele,41973
1950s,104,Dean,34584,Anna,41702
1950s,105,Rick,34367,Marsha,41553
1950s,106,Victor,33882,Angela,40357
1950s,107,Norman,33749,Sarah,39965
1950s,108,Earl,32652,Sylvia,39538
1950s,109,Jose,31437,Jill,39058
1950s,110,Calvin,30554,Dawn,38899
1950s,111,Ray,29914,Sue,38853
1950s,112,Clifford,29859,Evelyn,38408
1950s,113,Alfred,29752,Roberta,37914
1950s,114,Jerome,29701,Jeanne,37669
1950s,115,Bradley,29505,Charlotte,36998
1950s,116,Clarence,29485,Eileen,36567
1950s,117,Don,29451,Lois,36201
1950s,118,Theodore,29046,Colleen,35914
1950s,119,Jon,28947,Stephanie,35557
1950s,120,Rickey,27954,Annette,35343
1950s,121,Joel,27859,Glenda,35227
1950s,122,Jesse,26651,Yvonne,35040
1950s,123,Jim,26219,Dianne,34490
1950s,124,Edwin,26214,Tina,33990
1950s,125,Dan,26011,Beth,33985
1950s,126,Chris,25902,Lorraine,33589
1950s,127,Bernard,25887,Constance,33527
1950s,128,Jonathan,25814,Renee,32949
1950s,129,Gordon,25738,Charlene,32718
1950s,130,Glen,25394,Joann,32673
1950s,131,Jeff,24925,Julia,32455
1950s,132,Warren,24601,Gwendolyn,31944
1950s,133,Leroy,24587,Norma,30801
1950s,134,Herbert,24297,Regina,30793
1950s,135,Duane,24142,Amy,30581
1950s,136,Bill,23881,Loretta,30393
1950s,137,Benjamin,23831,Sheryl,30382
1950s,138,Tom,23753,Carla,29433
1950s,139,Alvin,23087,Andrea,29379
1950s,140,Nicholas,22614,Tammy,29178
1950s,141,Tim,22208,Irene,26976
1950s,142,Mitchell,21963,Jan,26169
1950s,143,Marc,21947,Louise,25853
1950s,144,Leslie,21382,Juanita,25653
1950s,145,Leon,21342,Marlene,25251
1950s,146,Kim,21209,Penny,25124
1950s,147,Dwight,20847,Rosemary,25017
1950s,148,Bryan,20628,Becky,24838
1950s,149,Lloyd,20619,Kay,24644
1950s,150,Vernon,20134,Joy,24517
1950s,151,Gene,19695,Geraldine,24222
1950s,152,Reginald,19338,Jeanette,23985
1950s,153,Lonnie,19198,Gayle,23728
1950s,154,Guy,19152,Annie,23679
1950s,155,Gilbert,18848,Vivian,23554
1950s,156,Garry,18790,Claudia,23149
1950s,157,Juan,18770,Lynda,22689
1950s,158,Karl,18731,Melissa,22293
1950s,159,Kent,18692,Audrey,22224
1950s,160,Kurt,18641,Lynne,22195
1950s,161,Todd,18569,Patsy,21733
1950s,162,Jackie,18446,Melinda,21509
1950s,163,Greg,18235,Vicky,21330
1950s,164,Lewis,18134,Toni,21306
1950s,165,Wesley,18074,June,21100
1950s,166,Clyde,17906,Belinda,20942
1950s,167,Floyd,17858,Marjorie,20941
1950s,168,Neil,17716,Arlene,20653
1950s,169,Allan,17693,Patti,20604
1950s,170,Donnie,17169,Ruby,20549
1950s,171,Perry,17079,Sara,20491
1950s,172,Franklin,17010,Yolanda,19946
1950s,173,Lester,16571,Rosa,19877
1950s,174,Brad,16462,Melanie,19853
1950s,175,Manuel,16375,Christina,19846
1950s,176,Kirk,16224,Delores,19363
1950s,177,Carlos,15822,Jackie,19304
1950s,178,Leo,15536,Vanessa,19170
1950s,179,Jimmie,15534,Carmen,18952
1950s,180,Randolph,15495,Monica,18722
1950s,181,Charlie,15284,Janis,18674
1950s,182,Robin,15225,Holly,18635
1950s,183,Dana,15159,Marianne,18478
1950s,184,Darryl,15088,Dolores,18305
1950s,185,Dave,14843,Shelley,18227
1950s,186,Ted,14718,Veronica,17623
1950s,187,Milton,14580,Mildred,17574
1950s,188,Daryl,14504,Eva,17113
1950s,189,Kerry,14416,Dana,17107
1950s,190,Freddie,14405,Rachel,16776
1950s,191,Brent,14335,Shelia,16753
1950s,192,Harvey,14250,Roxanne,16607
1950s,193,Gerard,14216,Carole,16535
1950s,194,Stuart,14072,Lillian,16508
1950s,195,Johnnie,14048,Josephine,16412
1950s,196,Herman,13832,Carrie,16179
1950s,197,Lynn,13775,Patty,16106
1950s,198,Rex,13500,Sherri,16105
1950s,199,Arnold,13195,Doreen,16090
1950s,200,Kelly,13131,Grace,15928
1960s,1,Michael,833061,Lisa,496976
1960s,2,David,733933,Mary,355235
1960s,3,John,713376,Susan,287649
1960s,4,James,684721,Karen,286050
1960s,5,Robert,650751,Kimberly,259069
1960s,6,Mark,441378,Patricia,231163
1960s,7,William,421407,Linda,225439
1960s,8,Richard,373890,Donna,213466
1960s,9,Thomas,327043,Michelle,208292
1960s,10,Jeffrey,302004,Cynthia,196600
1960s,11,Steven,290592,Sandra,183843
1960s,12,Joseph,283043,Deborah,183430
1960s,13,Timothy,276814,Tammy,182222
1960s,14,Kevin,271397,Pamela,181935
1960s,15,Scott,266824,Lori,176560
1960s,16,Brian,258116,Laura,174181
1960s,17,Charles,249393,Elizabeth,168909
1960s,18,Paul,242509,Julie,166144
1960s,19,Daniel,242013,Brenda,164495
1960s,20,Christopher,237147,Jennifer,164410
1960s,21,Kenneth,227515,Barbara,159766
1960s,22,Anthony,203145,Angela,159284
1960s,23,Gregory,187489,Sharon,154895
1960s,24,Ronald,182170,Debra,153768
1960s,25,Donald,172619,Teresa,151789
1960s,26,Gary,166019,Nancy,142720
1960s,27,Stephen,152227,Christine,139334
1960s,28,Eric,152207,Cheryl,135644
1960s,29,Edward,143976,Denise,128820
1960s,30,Douglas,134990,Kelly,128053
1960s,31,Todd,128739,Tina,126399
1960s,32,Patrick,122710,Kathleen,120947
1960s,33,George,113016,Melissa,119204
1960s,34,Keith,112572,Robin,118323
1960s,35,Larry,108578,Amy,116778
1960s,36,Matthew,105947,Diane,114447
1960s,37,Terry,101474,Dawn,114291
1960s,38,Andrew,97108,Carol,112332
1960s,39,Dennis,94986,Tracy,103775
1960s,40,Randy,93881,Kathy,101126
1960s,41,Jerry,93538,Rebecca,99461
1960s,42,Peter,92410,Theresa,97117
1960s,43,Frank,87154,Kim,94384
1960s,44,Craig,84705,Rhonda,93605
1960s,45,Raymond,81784,Stephanie,92819
1960s,46,Jeffery,79526,Cindy,91594
1960s,47,Bruce,74634,Janet,89313
1960s,48,Rodney,72189,Wendy,88962
1960s,49,Mike,71457,Maria,88830
1960s,50,Roger,71440,Michele,86990
1960s,51,Tony,70572,Jacqueline,84393
1960s,52,Ricky,66393,Debbie,84209
1960s,53,Steve,65625,Margaret,81866
1960s,54,Jeff,62075,Paula,80512
1960s,55,Troy,61409,Sherry,77524
1960s,56,Alan,61390,Catherine,76784
1960s,57,Carl,60780,Carolyn,75263
1960s,58,Danny,60723,Laurie,74446
1960s,59,Russell,60446,Sheila,74075
1960s,60,Chris,56349,Ann,72082
1960s,61,Bryan,55301,Jill,69146
1960s,62,Gerald,55297,Connie,65289
1960s,63,Wayne,54750,Diana,65035
1960s,64,Joe,53385,Terri,63738
1960s,65,Randall,52045,Suzanne,59760
1960s,66,Lawrence,51344,Andrea,58405
1960s,67,Dale,50417,Beth,58382
1960s,68,Phillip,50393,Janice,57965
1960s,69,Johnny,49841,Valerie,56585
1960s,70,Vincent,49474,Renee,55814
1960s,71,Martin,49108,Leslie,54452
1960s,72,Bradley,48722,Christina,52784
1960s,73,Billy,48464,Gina,52368
1960s,74,Glenn,48092,Lynn,51930
1960s,75,Shawn,47791,Annette,51916
1960s,76,Jimmy,47394,Cathy,51623
1960s,77,Jonathan,47386,Katherine,50616
1960s,78,Sean,47283,Judy,50323
1960s,79,Curtis,47244,Carla,47903
1960s,80,Barry,47221,Wanda,47769
1960s,81,Bobby,46387,Anne,47766
1960s,82,Walter,45927,Dana,47700
1960s,83,Jon,44880,Joyce,46124
1960s,84,Philip,44775,Regina,45826
1960s,85,Samuel,44247,Beverly,45240
1960s,86,Jay,42711,Monica,45189
1960s,87,Jason,42536,Bonnie,45086
1960s,88,Dean,42523,Kathryn,44863
1960s,89,Jose,42034,Anita,44412
1960s,90,Tim,41581,Sarah,43913
1960s,91,Roy,40038,Darlene,43528
1960s,92,Willie,39814,Jane,43335
1960s,93,Arthur,39618,Sherri,41630
1960s,94,Darryl,39194,Martha,41039
1960s,95,Henry,39133,Anna,40923
1960s,96,Darrell,38024,Colleen,40671
1960s,97,Allen,37695,Vicki,40508
1960s,98,Victor,36825,Tracey,40285
1960s,99,Harold,36739,Judith,39779
1960s,100,Greg,36444,Tamara,39006
1960s,101,Albert,36376,Gloria,38588
1960s,102,Jack,35589,Betty,38395
1960s,103,Darren,35039,Stacey,38264
1960s,104,Ronnie,34719,Penny,38219
1960s,105,Ralph,34186,Shirley,38076
1960s,106,Joel,33830,Victoria,37733
1960s,107,Louis,33377,Jean,37280
1960s,108,Jim,33196,Peggy,37035
1960s,109,Micheal,31973,Melanie,36750
1960s,110,Marc,31374,Joan,36673
1960s,111,Frederick,30766,Melinda,36294
1960s,112,Eddie,30575,Shelly,35659
1960s,113,Lee,30198,Stacy,35526
1960s,114,Stanley,30000,Virginia,35344
1960s,115,Tommy,29364,Marie,34808
1960s,116,Eugene,29308,Maureen,34449
1960s,117,Tom,29197,Ruth,34186
1960s,118,Tracy,29177,Julia,34177
1960s,119,Howard,28699,Ellen,34140
1960s,120,Leonard,28436,Tonya,34071
1960s,121,Kurt,28212,Shannon,33852
1960s,122,Marvin,28128,Heidi,33749
1960s,123,Kelly,28004,Joanne,33363
1960s,124,Brent,27164,Dorothy,33008
1960s,125,Ernest,26892,Rita,32879
1960s,126,Dwayne,26785,Gail,32873
1960s,127,Aaron,26072,Heather,32704
1960s,128,Brett,25834,Deanna,32269
1960s,129,Rick,25722,Holly,32143
1960s,130,Benjamin,25608,Rose,31860
1960s,131,Bill,25134,Vickie,31764
1960s,132,Reginald,24923,Carrie,31170
1960s,133,Duane,23753,Veronica,30034
1960s,134,Juan,23455,Yvonne,29959
1960s,135,Fred,23191,Becky,29599
1960s,136,Melvin,23089,Helen,29097
1960s,137,Adam,22932,Sylvia,28617
1960s,138,Norman,22753,Yolanda,28437
1960s,139,Dan,22708,April,28305
1960s,140,Mitchell,22676,Terry,27636
1960s,141,Harry,22667,Elaine,27462
1960s,142,Jesse,22607,Sheri,27328
1960s,143,Carlos,22390,Marilyn,27000
1960s,144,Nicholas,22345,Alice,26950
1960s,145,Jerome,22294,Jodi,26875
1960s,146,Kirk,22206,Rachel,26795
1960s,147,Ray,22187,Sheryl,26059
1960s,148,Don,22122,Jackie,25894
1960s,149,Calvin,21888,Phyllis,25700
1960s,150,Glen,21877,Jamie,25694
1960s,151,Brad,21355,Frances,24998
1960s,152,Theodore,21287,Crystal,24973
1960s,153,Derrick,21190,Joann,24876
1960s,154,Karl,21181,Eileen,24867
1960s,155,Edwin,20634,Shelley,24856
1960s,156,Earl,20369,Toni,24839
1960s,157,Lance,20037,Charlene,24623
1960s,158,Francis,19336,Kristin,24352
1960s,159,Clifford,19262,Sally,24345
1960s,160,Kent,19259,Charlotte,24232
1960s,161,Derek,19019,Kristine,24124
1960s,162,Wesley,18806,Jeanne,23542
1960s,163,Alfred,18650,Sara,23045
1960s,164,Antonio,18595,Tanya,23027
1960s,165,Warren,18560,Belinda,22945
1960s,166,Andre,18115,Carmen,22881
1960s,167,Clarence,17502,Sandy,22711
1960s,168,Bernard,17473,Evelyn,22580
1960s,169,Kyle,16579,Alicia,22422
1960s,170,Tyrone,16423,Sonya,22289
1960s,171,Manuel,16037,Lorraine,22249
1960s,172,Chad,15905,Jeanette,22086
1960s,173,Luis,15904,Yvette,22085
1960s,174,Gordon,15832,Loretta,22071
1960s,175,Dave,15773,Joy,21757
1960s,176,Nathan,15526,Sue,21601
1960s,177,Guy,15357,Norma,21518
1960s,178,Kerry,15283,Roberta,21101
1960s,179,Daryl,15269,Vanessa,20983
1960s,180,Leroy,15220,Shari,20517
1960s,181,Lonnie,15121,Jo,20195
1960s,182,Perry,15119,Natalie,19563
1960s,183,Erik,14767,Tammie,19345
1960s,184,Maurice,14643,Traci,18704
1960s,185,Marcus,14542,Gwendolyn,18636
1960s,186,Alvin,14507,Nicole,18565
1960s,187,Gilbert,14427,Felicia,18550
1960s,188,Vernon,14409,Melody,18471
1960s,189,Alexander,14180,Tami,18444
1960s,190,Stuart,13961,Shelia,18443
1960s,191,Rickey,13940,Marcia,18427
1960s,192,Shane,13925,Doris,18191
1960s,193,Franklin,13890,Kristen,18041
1960s,194,Leon,13823,Audrey,17867
1960s,195,Gregg,13789,Karla,17716
1960s,196,Bob,13788,Jody,17669
1960s,197,Darin,13744,Glenda,17591
1960s,198,Leslie,13723,Patty,17521
1960s,199,Herbert,13701,Amanda,17174
1960s,200,Gene,13699,Pam,17109
1970s,1,Michael,707377,Jennifer,581730
1970s,2,Christopher,475454,Amy,268993
1970s,3,Jason,462752,Melissa,253265
1970s,4,David,445751,Michelle,249135
1970s,5,James,444749,Kimberly,229095
1970s,6,John,402650,Lisa,228686
1970s,7,Robert,397254,Angela,225261
1970s,8,Brian,322705,Heather,203908
1970s,9,William,283412,Stephanie,160464
1970s,10,Matthew,277758,Nicole,144669
1970s,11,Joseph,244840,Jessica,143493
1970s,12,Daniel,244464,Elizabeth,142855
1970s,13,Kevin,212254,Rebecca,137291
1970s,14,Eric,211505,Kelly,133548
1970s,15,Jeffrey,202865,Mary,126253
1970s,16,Richard,202812,Christina,125747
1970s,17,Scott,194550,Amanda,123924
1970s,18,Mark,194295,Julie,121931
1970s,19,Steven,188092,Sarah,118831
1970s,20,Thomas,186770,Laura,118206
1970s,21,Timothy,181266,Shannon,113798
1970s,22,Anthony,174893,Christine,103236
1970s,23,Charles,163030,Tammy,98829
1970s,24,Joshua,140323,Tracy,95536
1970s,25,Ryan,139648,Karen,95175
1970s,26,Jeremy,139323,Dawn,92444
1970s,27,Paul,136406,Susan,88314
1970s,28,Andrew,132944,Andrea,86421
1970s,29,Gregory,115576,Tina,84768
1970s,30,Chad,113535,Patricia,81109
1970s,31,Kenneth,111496,Cynthia,80201
1970s,32,Jonathan,107936,Lori,77779
1970s,33,Stephen,107817,Rachel,77750
1970s,34,Shawn,105798,April,76947
1970s,35,Aaron,101487,Maria,76333
1970s,36,Adam,91759,Wendy,74187
1970s,37,Patrick,91252,Crystal,73759
1970s,38,Justin,86550,Stacy,69900
1970s,39,Sean,83845,Erin,67891
1970s,40,Edward,83439,Jamie,67844
1970s,41,Todd,83330,Carrie,66827
1970s,42,Donald,82437,Tiffany,65159
1970s,43,Ronald,81734,Tara,65071
1970s,44,Benjamin,81339,Sandra,64334
1970s,45,Keith,76694,Monica,61677
1970s,46,Bryan,71344,Danielle,60919
1970s,47,Gary,68265,Stacey,59210
1970s,48,Jose,66379,Pamela,58037
1970s,49,Nathan,65866,Tonya,57790
1970s,50,Douglas,65167,Sara,56959
1970s,51,Nicholas,65068,Michele,56558
1970s,52,Brandon,65052,Teresa,56034
1970s,53,George,64762,Denise,55869
1970s,54,Travis,64110,Jill,55069
1970s,55,Peter,62335,Katherine,54054
1970s,56,Craig,58800,Melanie,53318
1970s,57,Bradley,58684,Dana,51361
1970s,58,Larry,58140,Holly,50463
1970s,59,Dennis,50556,Erica,49595
1970s,60,Shane,50281,Brenda,48592
1970s,61,Raymond,49346,Deborah,47856
1970s,62,Troy,48850,Tanya,47827
1970s,63,Jerry,48350,Sharon,47771
1970s,64,Samuel,48103,Donna,47344
1970s,65,Frank,46920,Amber,47065
1970s,66,Jesse,44893,Emily,46844
1970s,67,Jeffery,44566,Robin,45942
1970s,68,Juan,43395,Linda,45899
1970s,69,Terry,42429,Kathleen,44845
1970s,70,Corey,41000,Leslie,44840
1970s,71,Phillip,39845,Christy,44591
1970s,72,Marcus,39468,Kristen,44210
1970s,73,Derek,38316,Catherine,43864
1970s,74,Rodney,37448,Kristin,42383
1970s,75,Joel,37229,Misty,42375
1970s,76,Carlos,36946,Barbara,42239
1970s,77,Randy,36545,Heidi,42221
1970s,78,Jacob,36356,Nancy,41846
1970s,79,Jamie,36299,Cheryl,40393
1970s,80,Tony,35682,Theresa,40078
1970s,81,Russell,35469,Brandy,40070
1970s,82,Brent,35384,Alicia,39254
1970s,83,Antonio,33276,Veronica,38787
1970s,84,Billy,33219,Gina,38119
1970s,85,Derrick,32862,Jacqueline,37965
1970s,86,Kyle,32653,Rhonda,37947
1970s,87,Erik,32095,Anna,37805
1970s,88,Johnny,32026,Renee,37593
1970s,89,Marc,31836,Megan,37360
1970s,90,Philip,31370,Tamara,37076
1970s,91,Carl,31369,Melinda,36438
1970s,92,Roger,29719,Kathryn,36436
1970s,93,Bobby,29078,Debra,34605
1970s,94,Brett,28926,Sherry,34206
1970s,95,Danny,28863,Allison,34160
1970s,96,Curtis,28812,Valerie,33812
1970s,97,Jon,28693,Diana,33344
1970s,98,Vincent,27639,Paula,32724
1970s,99,Cory,27512,Kristina,32650
1970s,100,Jimmy,27099,Ann,32030
1970s,101,Victor,26734,Margaret,31947
1970s,102,Lawrence,26661,Victoria,30884
1970s,103,Dustin,26575,Cindy,30877
1970s,104,Gerald,26150,Jodi,30353
1970s,105,Walter,25731,Natalie,29804
1970s,106,Alexander,24945,Brandi,29076
1970s,107,Joe,24945,Kristi,29036
1970s,108,Christian,24906,Suzanne,29033
1970s,109,Chris,24859,Samantha,28914
1970s,110,Alan,24814,Beth,28864
1970s,111,Shannon,24648,Tracey,28749
1970s,112,Wayne,24619,Regina,28319
1970s,113,Jared,24416,Vanessa,28076
1970s,114,Gabriel,24399,Kristy,27776
1970s,115,Martin,24275,Carolyn,27050
1970s,116,Jay,23970,Yolanda,27033
1970s,117,Luis,23967,Deanna,26983
1970s,118,Willie,23966,Carla,26845
1970s,119,Micheal,23797,Sheila,26510
1970s,120,Henry,23513,Laurie,26104
1970s,121,Wesley,23254,Anne,25599
1970s,122,Randall,23029,Shelly,25533
1970s,123,Brad,22618,Diane,25323
1970s,124,Darren,22578,Sabrina,24498
1970s,125,Roy,22352,Janet,24451
1970s,126,Albert,22112,Erika,24308
1970s,127,Arthur,22104,Katrina,24293
1970s,128,Ricky,22071,Courtney,23993
1970s,129,Lance,21799,Colleen,23760
1970s,130,Allen,21673,Carol,23477
1970s,131,Lee,21549,Julia,23419
1970s,132,Andre,21141,Jenny,22902
1970s,133,Bruce,21126,Jaime,22775
1970s,134,Mario,20949,Kathy,22707
1970s,135,Frederick,20727,Felicia,22330
1970s,136,Louis,20145,Alison,22073
1970s,137,Darrell,20072,Lauren,21835
1970s,138,Damon,20052,Kelli,21542
1970s,139,Shaun,19320,Leah,21147
1970s,140,Nathaniel,19185,Ashley,21053
1970s,141,Zachary,19066,Kim,20697
1970s,142,Casey,18988,Traci,20676
1970s,143,Adrian,18914,Kristine,20543
1970s,144,Jesus,18804,Tricia,20520
1970s,145,Jeremiah,18778,Joy,20119
1970s,146,Jack,18572,Krista,19809
1970s,147,Ronnie,18274,Kara,19760
1970s,148,Dale,18066,Terri,19602
1970s,149,Tyrone,17917,Sonya,19473
1970s,150,Manuel,17698,Aimee,19408
1970s,151,Ricardo,17659,Natasha,19331
1970s,152,Harold,17588,Cassandra,19018
1970s,153,Kelly,17322,Bridget,18871
1970s,154,Barry,17248,Anita,18833
1970s,155,Ian,17194,Kari,18754
1970s,156,Reginald,17191,Nichole,18518
1970s,157,Glenn,16892,Christie,18178
1970s,158,Ernest,16756,Marie,18112
1970s,159,Steve,16653,Virginia,18052
1970s,160,Seth,16586,Connie,17960
1970s,161,Eugene,16534,Martha,17922
1970s,162,Clinton,16345,Carmen,17877
1970s,163,Miguel,16315,Stacie,17832
1970s,164,Tommy,16176,Lynn,17610
1970s,165,Eddie,15872,Katie,17483
1970s,166,Leonard,15803,Monique,17472
1970s,167,Maurice,15234,Kristie,17366
1970s,168,Roberto,15158,Shelley,17283
1970s,169,Dwayne,14811,Sherri,17084
1970s,170,Jerome,14784,Angel,16814
1970s,171,Ralph,14755,Bonnie,16674
1970s,172,Marvin,14731,Mandy,16244
1970s,173,Francisco,14641,Jody,16222
1970s,174,Jorge,14639,Shawna,16181
1970s,175,Neil,14041,Kerry,16123
1970s,176,Alex,14006,Annette,16057
1970s,177,Dean,13897,Yvonne,15996
1970s,178,Kristopher,13883,Toni,15899
1970s,179,Calvin,13816,Meredith,15840
1970s,180,Kurt,13662,Molly,15718
1970s,181,Theodore,13569,Kendra,15662
1970s,182,Ruben,13540,Joanna,15281
1970s,183,Jermaine,13527,Sonia,15205
1970s,184,Tracy,13419,Janice,14834
1970s,185,Edwin,13357,Robyn,14684
1970s,186,Stanley,13220,Brooke,14514
1970s,187,Melvin,13127,Kerri,14448
1970s,188,Howard,12984,Sheri,14397
1970s,189,Mitchell,12967,Becky,14311
1970s,190,Duane,12404,Gloria,14219
1970s,191,Trevor,12352,Mindy,14022
1970s,192,Jeff,12253,Tracie,13795
1970s,193,Geoffrey,12182,Angie,13784
1970s,194,Hector,12128,Kellie,13669
1970s,195,Terrence,11904,Claudia,13617
1970s,196,Terrance,11886,Ruth,13429
1970s,197,Oscar,11848,Wanda,13281
1970s,198,Jaime,11811,Jeanette,12970
1970s,199,Clifford,11764,Cathy,12943
1970s,200,Harry,11655,Adrienne,12796
1980s,1,Michael,663813,Jessica,469514
1980s,2,Christopher,554876,Jennifer,440908
1980s,3,Matthew,458958,Amanda,369729
1980s,4,Joshua,396537,Ashley,352186
1980s,5,David,383699,Sarah,272636
1980s,6,James,356492,Stephanie,218180
1980s,7,Daniel,345545,Melissa,217929
1980s,8,Robert,321658,Nicole,210498
1980s,9,John,321154,Elizabeth,198973
1980s,10,Joseph,299419,Heather,191854
1980s,11,Jason,292118,Tiffany,158625
1980s,12,Justin,289825,Michelle,154034
1980s,13,Andrew,285097,Amber,153951
1980s,14,Ryan,278947,Megan,153503
1980s,15,William,248281,Amy,150664
1980s,16,Brian,234007,Rachel,146679
1980s,17,Brandon,232210,Kimberly,146454
1980s,18,Jonathan,229953,Christina,146011
1980s,19,Nicholas,223318,Lauren,145157
1980s,20,Anthony,211866,Crystal,141010
1980s,21,Eric,204240,Brittany,140855
1980s,22,Adam,195085,Rebecca,136235
1980s,23,Kevin,188673,Laura,134607
1980s,24,Thomas,177819,Danielle,134376
1980s,25,Steven,177459,Emily,131763
1980s,26,Timothy,172838,Samantha,121129
1980s,27,Richard,154751,Angela,116587
1980s,28,Jeremy,153414,Erin,115808
1980s,29,Jeffrey,144801,Kelly,109541
1980s,30,Kyle,141944,Sara,104679
1980s,31,Benjamin,141387,Lisa,102614
1980s,32,Aaron,138363,Katherine,99176
1980s,33,Charles,131904,Andrea,98263
1980s,34,Mark,129453,Jamie,96558
1980s,35,Jacob,124253,Mary,95856
1980s,36,Stephen,113629,Erica,93158
1980s,37,Patrick,111413,Courtney,84309
1980s,38,Scott,108152,Kristen,83224
1980s,39,Nathan,105988,Shannon,78419
1980s,40,Paul,104403,April,75947
1980s,41,Sean,103872,Katie,72878
1980s,42,Travis,102932,Lindsey,71940
1980s,43,Zachary,101826,Kristin,70556
1980s,44,Dustin,97313,Lindsay,68489
1980s,45,Gregory,93667,Christine,68016
1980s,46,Kenneth,89117,Alicia,66966
1980s,47,Jose,86641,Maria,65765
1980s,48,Tyler,86450,Vanessa,65728
1980s,49,Jesse,85914,Kathryn,62442
1980s,50,Alexander,82011,Allison,62329
1980s,51,Bryan,80506,Julie,61688
1980s,52,Samuel,73460,Anna,57323
1980s,53,Derek,72925,Tara,56338
1980s,54,Bradley,69356,Kayla,55292
1980s,55,Chad,69055,Natalie,54431
1980s,56,Shawn,65601,Victoria,53269
1980s,57,Edward,60834,Monica,51862
1980s,58,Jared,60305,Jacqueline,51560
1980s,59,Cody,60287,Holly,49656
1980s,60,Jordan,57176,Kristina,45948
1980s,61,Peter,56724,Patricia,45129
1980s,62,Corey,53606,Cassandra,44912
1980s,63,Keith,52642,Brandy,44527
1980s,64,Marcus,51809,Whitney,44373
1980s,65,Juan,51440,Chelsea,43164
1980s,66,Donald,50846,Brandi,42890
1980s,67,Ronald,46665,Catherine,42434
1980s,68,George,45714,Cynthia,41668
1980s,69,Phillip,45707,Kathleen,39397
1980s,70,Cory,44363,Veronica,39233
1980s,71,Joel,43565,Leslie,38727
1980s,72,Shane,43173,Natasha,38211
1980s,73,Douglas,41748,Krystal,37495
1980s,74,Antonio,41614,Stacy,36990
1980s,75,Carlos,41501,Diana,36905
1980s,76,Raymond,41499,Erika,36854
1980s,77,Brett,41295,Dana,36823
1980s,78,Gary,40229,Jenna,36601
1980s,79,Alex,38708,Meghan,36208
1980s,80,Nathaniel,38652,Carrie,36082
1980s,81,Craig,38102,Leah,36056
1980s,82,Ian,37774,Melanie,35956
1980s,83,Luis,37443,Brooke,34979
1980s,84,Derrick,36348,Karen,34918
1980s,85,Erik,36347,Alexandra,34821
1980s,86,Casey,35969,Valerie,34629
1980s,87,Philip,35732,Caitlin,33583
1980s,88,Frank,33600,Julia,33352
1980s,89,Evan,32484,Alyssa,32952
1980s,90,Gabriel,32327,Jasmine,32952
1980s,91,Victor,32285,Hannah,32702
1980s,92,Vincent,32062,Stacey,32138
1980s,93,Austin,31305,Brittney,31533
1980s,94,Brent,31283,Susan,30548
1980s,95,Larry,31276,Margaret,30352
1980s,96,Seth,31131,Sandra,30044
1980s,97,Wesley,31091,Candice,29848
1980s,98,Dennis,30468,Latoya,29537
1980s,99,Todd,30329,Bethany,29331
1980s,100,Christian,30285,Misty,29115
1980s,101,Curtis,29905,Katrina,28830
1980s,102,Jeffery,29574,Tracy,28494
1980s,103,Randy,29514,Casey,27917
1980s,104,Jeremiah,28331,Kelsey,27758
1980s,105,Adrian,28141,Kara,27507
1980s,106,Jesus,27396,Nichole,27234
1980s,107,Luke,27056,Alison,27017
1980s,108,Alan,26828,Heidi,26387
1980s,109,Trevor,26696,Alexis,26322
1980s,110,Russell,26654,Molly,25889
1980s,111,Mario,26394,Tina,25841
1980s,112,Lucas,26085,Pamela,25743
1980s,113,Jerry,25757,Rachael,25670
1980s,114,Miguel,25557,Nancy,25491
1980s,115,Carl,25472,Jillian,25445
1980s,116,Blake,25395,Candace,25169
1980s,117,Cameron,24604,Denise,25114
1980s,118,Mitchell,24543,Sabrina,24636
1980s,119,Troy,24539,Gina,24461
1980s,120,Tony,24494,Renee,24413
1980s,121,Shaun,24471,Jill,24409
1980s,122,Terry,24156,Kendra,24386
1980s,123,Johnny,23501,Morgan,24287
1980s,124,Martin,23224,Brenda,24143
1980s,125,Ricardo,23092,Monique,23896
1980s,126,Bobby,22023,Teresa,23412
1980s,127,Allen,21908,Krista,22866
1980s,128,Johnathan,21908,Linda,22822
1980s,129,Jorge,21732,Miranda,22716
1980s,130,Devin,21704,Robin,22695
1980s,131,Andre,21608,Dawn,22407
1980s,132,Henry,20726,Theresa,22389
1980s,133,Billy,20650,Kristy,22386
1980s,134,Caleb,20646,Tanya,22303
1980s,135,Marc,20519,Wendy,22271
1980s,136,Garrett,20476,Joanna,22214
1980s,137,Ricky,20157,Melinda,22212
1980s,138,Francisco,20081,Anne,22117
1980s,139,Kristopher,20068,Felicia,21951
1980s,140,Danny,20013,Desiree,21809
1980s,141,Manuel,19981,Jaclyn,21801
1980s,142,Lee,19786,Alisha,21751
1980s,143,Lawrence,19640,Lori,21645
1980s,144,Jonathon,19578,Tamara,21235
1980s,145,Jimmy,19521,Marissa,21102
1980s,146,Lance,19450,Kelli,21049
1980s,147,Taylor,19420,Lacey,20773
1980s,148,Randall,19325,Abigail,20657
1980s,149,Micheal,18735,Christy,20226
1980s,150,Mathew,18623,Jenny,19720
1980s,151,Albert,18500,Tabitha,19578
1980s,152,Jamie,18410,Colleen,19464
1980s,153,Isaac,18375,Meredith,19209
1980s,154,Roger,18000,Barbara,19137
1980s,155,Rodney,17874,Angelica,19074
1980s,156,Roberto,17818,Carolyn,18630
1980s,157,Jon,17704,Rebekah,18317
1980s,158,Colin,17673,Ebony,18263
1980s,159,Walter,17568,Deanna,18156
1980s,160,Clinton,17537,Tonya,17988
1980s,161,Louis,17353,Caroline,17942
1980s,162,Clayton,16931,Kristi,17706
1980s,163,Willie,16892,Kari,17544
1980s,164,Arthur,16794,Michele,17263
1980s,165,Chase,16563,Brianna,17133
1980s,166,Joe,16509,Bridget,17102
1980s,167,Jack,15934,Angel,16736
1980s,168,Jay,15835,Marie,16540
1980s,169,Angel,15798,Sharon,16505
1980s,170,Calvin,15784,Sheena,16257
1980s,171,Ross,15713,Tasha,16255
1980s,172,Darren,15697,Meagan,16248
1980s,173,Oscar,15661,Jaime,16211
1980s,174,Drew,15591,Cindy,16020
1980s,175,Maurice,15574,Priscilla,16005
1980s,176,Gerald,15510,Ann,15928
1980s,177,Alejandro,15317,Ashlee,15850
1980s,178,Spencer,15180,Stefanie,15830
1980s,179,Hector,15106,Cassie,15758
1980s,180,Ruben,14855,Adrienne,15668
1980s,181,Wayne,14747,Tammy,15648
1980s,182,Brendan,14600,Ana,15525
1980s,183,Grant,14521,Beth,15374
1980s,184,Javier,14479,Dominique,15100
1980s,185,Bruce,14336,Cristina,15035
1980s,186,Roy,14304,Latasha,15035
1980s,187,Dylan,14174,Mallory,14995
1980s,188,Logan,13981,Virginia,14995
1980s,189,Edwin,13902,Deborah,14783
1980s,190,Omar,13681,Audrey,14669
1980s,191,Brad,13580,Katelyn,14643
1980s,192,Reginald,13500,Regina,14578
1980s,193,Fernando,13196,Carla,14452
1980s,194,Darrell,13165,Cheryl,14319
1980s,195,Sergio,13151,Olivia,14060
1980s,196,Frederick,13056,Autumn,13826
1980s,197,Julian,12936,Claudia,13796
1980s,198,Jaime,12850,Jordan,13788
1980s,199,Jermaine,12802,Nina,13636
1980s,200,Geoffrey,12732,Taylor,13623
1990s,1,Michael,462411,Jessica,303122
1990s,2,Christopher,360264,Ashley,301817
1990s,3,Matthew,351652,Emily,237254
1990s,4,Joshua,329171,Sarah,224402
1990s,5,Jacob,298402,Samantha,224011
1990s,6,Nicholas,275321,Amanda,191124
1990s,7,Andrew,272911,Brittany,190819
1990s,8,Daniel,272331,Elizabeth,172682
1990s,9,Tyler,262299,Taylor,169030
1990s,10,Joseph,260720,Megan,160368
1990s,11,Brandon,259407,Hannah,158812
1990s,12,David,253698,Kayla,155890
1990s,13,James,244945,Lauren,153585
1990s,14,Ryan,241235,Stephanie,149836
1990s,15,John,240127,Rachel,149159
1990s,16,Zachary,225277,Jennifer,148032
1990s,17,Justin,220119,Nicole,136099
1990s,18,William,217812,Alexis,131194
1990s,19,Anthony,216214,Victoria,117472
1990s,20,Robert,205445,Amber,115601
1990s,21,Jonathan,197493,Alyssa,115250
1990s,22,Austin,190132,Courtney,113285
1990s,23,Alexander,183938,Rebecca,109716
1990s,24,Kyle,180205,Danielle,109592
1990s,25,Kevin,165217,Jasmine,105315
1990s,26,Thomas,146624,Brianna,99103
1990s,27,Cody,146480,Katherine,96880
1990s,28,Jordan,144748,Alexandra,94800
1990s,29,Eric,135237,Madison,91905
1990s,30,Benjamin,133935,Morgan,91195
1990s,31,Aaron,128368,Melissa,89985
1990s,32,Christian,126050,Michelle,86524
1990s,33,Samuel,125585,Kelsey,85129
1990s,34,Dylan,122070,Chelsea,84801
1990s,35,Steven,121097,Anna,78588
1990s,36,Brian,119290,Kimberly,77877
1990s,37,Jose,119027,Tiffany,77533
1990s,38,Timothy,107762,Olivia,75907
1990s,39,Nathan,107315,Mary,75707
1990s,40,Adam,106904,Christina,74655
1990s,41,Richard,94866,Allison,74427
1990s,42,Patrick,92929,Abigail,72770
1990s,43,Charles,92424,Sara,72165
1990s,44,Sean,91998,Shelby,71992
1990s,45,Jason,91722,Heather,71624
1990s,46,Cameron,81130,Haley,71198
1990s,47,Jeremy,77792,Maria,70899
1990s,48,Mark,75812,Kaitlyn,67564
1990s,49,Stephen,75162,Laura,67248
1990s,50,Jesse,73784,Erin,65334
1990s,51,Juan,70909,Andrea,65242
1990s,52,Alex,70824,Natalie,63381
1990s,53,Travis,68203,Jordan,61755
1990s,54,Jeffrey,66986,Brooke,60629
1990s,55,Ethan,66924,Julia,59947
1990s,56,Caleb,66290,Emma,58244
1990s,57,Luis,64747,Vanessa,57916
1990s,58,Jared,63788,Erica,55761
1990s,59,Logan,63570,Sydney,55755
1990s,60,Hunter,60521,Kelly,55720
1990s,61,Trevor,59941,Kristen,53074
1990s,62,Bryan,59749,Katelyn,52810
1990s,63,Evan,59397,Marissa,51214
1990s,64,Paul,58926,Amy,51168
1990s,65,Taylor,58404,Crystal,51097
1990s,66,Kenneth,58254,Paige,50554
1990s,67,Connor,57390,Cassandra,50362
1990s,68,Dustin,56767,Gabrielle,49817
1990s,69,Noah,56263,Katie,49460
1990s,70,Carlos,55169,Caitlin,49035
1990s,71,Devin,55070,Lindsey,48974
1990s,72,Gabriel,54810,Destiny,48236
1990s,73,Ian,54000,Kathryn,47175
1990s,74,Nathaniel,52574,Jacqueline,45948
1990s,75,Gregory,52083,Shannon,45909
1990s,76,Derek,50754,Jenna,45853
1990s,77,Corey,50221,Angela,45167
1990s,78,Jesus,49123,Savannah,44716
1990s,79,Scott,49017,Mariah,44601
1990s,80,Bradley,48085,Alexandria,44094
1990s,81,Dakota,46650,Sierra,43638
1990s,82,Antonio,46547,Alicia,43485
1990s,83,Marcus,46487,Briana,42801
1990s,84,Blake,45868,Miranda,42223
1990s,85,Garrett,45326,Jamie,41443
1990s,86,Edward,45162,Catherine,40758
1990s,87,Luke,44433,Brittney,40030
1990s,88,Shawn,42480,Breanna,40025
1990s,89,Peter,42389,Grace,39867
1990s,90,Seth,42210,Monica,38893
1990s,91,Mitchell,42014,Sabrina,38662
1990s,92,Adrian,41977,Madeline,36965
1990s,93,Victor,41067,Caroline,36827
1990s,94,Miguel,41008,Molly,36559
1990s,95,Shane,40599,Erika,35073
1990s,96,Chase,40307,Mackenzie,34779
1990s,97,Isaac,40266,Leah,34100
1990s,98,Spencer,38181,Diana,33777
1990s,99,Lucas,38173,Whitney,32885
1990s,100,Jack,37493,Cheyenne,31848
1990s,101,Tanner,37396,Bailey,31620
1990s,102,Angel,36987,Christine,31615
1990s,103,Vincent,36711,Meghan,31499
1990s,104,Isaiah,36585,Lindsay,31383
1990s,105,Dalton,35978,Angelica,31330
1990s,106,Brett,35418,Cynthia,31311
1990s,107,George,35245,Margaret,31292
1990s,108,Alejandro,35171,Kaitlin,30819
1990s,109,Elijah,34649,Hailey,30296
1990s,110,Cory,34164,Alexa,30294
1990s,111,Cole,33861,Veronica,29858
1990s,112,Joel,33798,Melanie,29352
1990s,113,Erik,33602,Bianca,28557
1990s,114,Jake,33106,Autumn,28154
1990s,115,Mason,32879,Ariel,28141
1990s,116,Jorge,32724,Kristin,27822
1990s,117,Dillon,32662,Bethany,27753
1990s,118,Raymond,31719,Lisa,27431
1990s,119,Colton,30469,Kristina,27244
1990s,120,Ricardo,29307,Holly,27072
1990s,121,Casey,29246,Leslie,26771
1990s,122,Francisco,28721,Casey,25897
1990s,123,Brendan,28510,Chloe,25856
1990s,124,Devon,28421,April,25773
1990s,125,Keith,28372,Julie,25433
1990s,126,Colin,28257,Claire,25320
1990s,127,Wesley,28246,Kaylee,25212
1990s,128,Phillip,27967,Brenda,24928
1990s,129,Oscar,27883,Kathleen,24847
1990s,130,Julian,27673,Rachael,24514
1990s,131,Johnathan,27263,Karen,24513
1990s,132,Eduardo,27220,Sophia,24501
1990s,133,Chad,27109,Patricia,24119
1990s,134,Donald,26755,Gabriela,24084
1990s,135,Bryce,26754,Kendra,23971
1990s,136,Ronald,26682,Dominique,23648
1990s,137,Alec,25908,Ana,23536
1990s,138,Dominic,25636,Kara,23513
1990s,139,Grant,25455,Desiree,23492
1990s,140,Martin,25324,Tara,23370
1990s,141,Henry,25244,Michaela,23171
1990s,142,Mario,24570,Brandi,22957
1990s,143,Xavier,24288,Carly,22790
1990s,144,Manuel,24173,Kylie,22729
1990s,145,Alan,24093,Karina,22610
1990s,146,Derrick,23982,Adriana,22339
1990s,147,Frank,23965,Valerie,22010
1990s,148,Tristan,23914,Caitlyn,21990
1990s,149,Collin,23754,Natasha,21975
1990s,150,Omar,23730,Hayley,21858
1990s,151,Jeremiah,23646,Rebekah,20926
1990s,152,Jackson,23590,Jocelyn,20880
1990s,153,Troy,22817,Cassidy,20659
1990s,154,Edgar,22209,Jade,20395
1990s,155,Javier,22112,Gabriella,20167
1990s,156,Douglas,21970,Makayla,20083
1990s,157,Clayton,21813,Daisy,19990
1990s,158,Jonathon,21429,Alison,19728
1990s,159,Nicolas,21218,Jillian,19725
1990s,160,Andre,21089,Faith,19529
1990s,161,Maxwell,20908,Audrey,19528
1990s,162,Ivan,20511,Angel,19501
1990s,163,Philip,20458,Nancy,19495
1990s,164,Levi,20406,Dana,19282
1990s,165,Sergio,20129,Krystal,19078
1990s,166,Roberto,20062,Alejandra,19010
1990s,167,Darius,19664,Ariana,18862
1990s,168,Andres,19637,Summer,18806
1990s,169,Cristian,19526,Isabella,18760
1990s,170,Hector,19487,Mikayla,18746
1990s,171,Fernando,19433,Raven,18502
1990s,172,Drew,19331,Katrina,18400
1990s,173,Curtis,19205,Kiara,17821
1990s,174,Gary,19195,Sandra,17620
1990s,175,Riley,18838,Meagan,17106
1990s,176,Johnny,18483,Lydia,16989
1990s,177,Max,18215,Kirsten,16882
1990s,178,Dennis,18100,Chelsey,16837
1990s,179,Malik,17951,Zoe,16791
1990s,180,Wyatt,17936,Monique,16761
1990s,181,Cesar,17842,Claudia,16518
1990s,182,Edwin,17475,Mallory,16471
1990s,183,Gavin,17278,Joanna,16285
1990s,184,Preston,17089,Deanna,16219
1990s,185,Marco,17001,Isabel,16104
1990s,186,Allen,16952,Ashlee,15978
1990s,187,Ruben,16929,Felicia,15643
1990s,188,Calvin,16863,Marisa,15536
1990s,189,Mathew,16799,Mercedes,15291
1990s,190,Randy,16783,Mckenzie,15285
1990s,191,Brent,16624,Jasmin,15237
1990s,192,Jerry,16577,Krista,15213
1990s,193,Hayden,16350,Yesenia,15174
1990s,194,Alexis,16261,Diamond,15160
1990s,195,Parker,16235,Evelyn,15126
1990s,196,Brady,16231,Selena,15042
1990s,197,Tony,16138,Cindy,15039
1990s,198,Pedro,16132,Brandy,14908
1990s,199,Craig,16105,Gina,14882
1990s,200,Larry,15944,Mia,14629
2000s,1,Jacob,274028,Emily,223748
2000s,2,Michael,250679,Madison,193209
2000s,3,Joshua,232023,Emma,181379
2000s,4,Matthew,221605,Olivia,156040
2000s,5,Daniel,203917,Hannah,155762
2000s,6,Christopher,203363,Abigail,150916
2000s,7,Andrew,202561,Isabella,149558
2000s,8,Ethan,201816,Samantha,134304
2000s,9,Joseph,194903,Elizabeth,133543
2000s,10,William,194390,Ashley,133043
2000s,11,Anthony,191907,Alexis,130826
2000s,12,David,180041,Sarah,124503
2000s,13,Alexander,178829,Sophia,119243
2000s,14,Nicholas,177600,Alyssa,114502
2000s,15,Ryan,173231,Grace,110712
2000s,16,Tyler,165578,Ava,104535
2000s,17,James,163165,Taylor,100993
2000s,18,John,161057,Brianna,99791
2000s,19,Jonathan,144832,Lauren,97156
2000s,20,Noah,143500,Chloe,96493
2000s,21,Brandon,142989,Natalie,95089
2000s,22,Christian,142411,Kayla,94353
2000s,23,Dylan,140117,Jessica,90660
2000s,24,Samuel,138587,Anna,90282
2000s,25,Benjamin,137288,Victoria,84958
2000s,26,Nathan,134844,Mia,83509
2000s,27,Zachary,134753,Hailey,81984
2000s,28,Logan,134026,Sydney,76439
2000s,29,Justin,122982,Jasmine,76069
2000s,30,Gabriel,119820,Julia,70875
2000s,31,Jose,115730,Morgan,70746
2000s,32,Austin,112764,Destiny,69809
2000s,33,Kevin,111075,Rachel,68369
2000s,34,Elijah,110405,Ella,67522
2000s,35,Caleb,110076,Kaitlyn,66907
2000s,36,Robert,106650,Megan,66832
2000s,37,Thomas,102097,Katherine,65351
2000s,38,Jordan,101174,Savannah,64752
2000s,39,Cameron,95891,Jennifer,63501
2000s,40,Jack,95507,Alexandra,61247
2000s,41,Hunter,94851,Allison,59964
2000s,42,Jackson,94486,Haley,57052
2000s,43,Angel,94327,Maria,56988
2000s,44,Isaiah,92772,Kaylee,56428
2000s,45,Evan,92140,Lily,56182
2000s,46,Isaac,90741,Makayla,54981
2000s,47,Luke,90495,Brooke,54685
2000s,48,Mason,90494,Nicole,54577
2000s,49,Jayden,88592,Mackenzie,54550
2000s,50,Jason,88551,Addison,51383
2000s,51,Gavin,88440,Stephanie,49955
2000s,52,Aaron,86974,Lillian,49387
2000s,53,Connor,85982,Andrea,49182
2000s,54,Aiden,83545,Faith,48779
2000s,55,Aidan,76507,Zoe,48752
2000s,56,Kyle,76151,Kimberly,48488
2000s,57,Juan,75843,Madeline,48278
2000s,58,Charles,75325,Alexa,48110
2000s,59,Luis,74325,Katelyn,47837
2000s,60,Adam,71022,Gabriella,47394
2000s,61,Lucas,70985,Gabrielle,47019
2000s,62,Brian,69769,Trinity,46885
2000s,63,Eric,69476,Amanda,46634
2000s,64,Adrian,66115,Kylie,46437
2000s,65,Nathaniel,64259,Mary,46286
2000s,66,Sean,64128,Paige,45575
2000s,67,Alex,63775,Riley,45530
2000s,68,Carlos,63188,Leah,45423
2000s,69,Bryan,61927,Jenna,45295
2000s,70,Ian,61923,Sara,44043
2000s,71,Owen,61873,Rebecca,43714
2000s,72,Jesus,61311,Michelle,43537
2000s,73,Landon,61124,Sofia,43376
2000s,74,Julian,60385,Vanessa,43229
2000s,75,Chase,57166,Jordan,43182
2000s,76,Cole,56841,Angelina,42809
2000s,77,Diego,56034,Caroline,41844
2000s,78,Jeremiah,55664,Avery,41706
2000s,79,Steven,53906,Audrey,41513
2000s,80,Sebastian,53860,Evelyn,40726
2000s,81,Xavier,52477,Maya,40029
2000s,82,Timothy,52458,Claire,39006
2000s,83,Carter,52319,Autumn,38531
2000s,84,Wyatt,51344,Jocelyn,38385
2000s,85,Brayden,50378,Ariana,38006
2000s,86,Blake,50106,Nevaeh,37943
2000s,87,Hayden,50049,Arianna,37836
2000s,88,Devin,49424,Jada,37076
2000s,89,Cody,48881,Bailey,36878
2000s,90,Richard,48580,Brooklyn,36862
2000s,91,Seth,48159,Aaliyah,36377
2000s,92,Dominic,48110,Amber,36215
2000s,93,Jaden,46271,Isabel,36036
2000s,94,Antonio,46241,Mariah,35682
2000s,95,Miguel,46095,Danielle,35621
2000s,96,Liam,44937,Melanie,35225
2000s,97,Patrick,44781,Sierra,34529
2000s,98,Carson,44629,Erin,33367
2000s,99,Jesse,43388,Amelia,33284
2000s,100,Tristan,43295,Molly,33265
2000s,101,Alejandro,43111,Isabelle,32867
2000s,102,Henry,42727,Melissa,32621
2000s,103,Victor,40681,Madelyn,32619
2000s,104,Trevor,40051,Jacqueline,32118
2000s,105,Bryce,39877,Marissa,32068
2000s,106,Jake,39840,Angela,31315
2000s,107,Riley,39619,Shelby,31308
2000s,108,Colin,39127,Leslie,31051
2000s,109,Jared,38016,Katie,30568
2000s,110,Jeremy,37488,Jade,30290
2000s,111,Mark,37255,Catherine,29699
2000s,112,Caden,36736,Diana,29542
2000s,113,Garrett,36223,Aubrey,29535
2000s,114,Parker,35727,Mya,28801
2000s,115,Marcus,35666,Amy,28757
2000s,116,Vincent,35266,Briana,28715
2000s,117,Kaleb,34759,Sophie,28682
2000s,118,Kaden,34635,Gabriela,28536
2000s,119,Brady,34304,Breanna,28026
2000s,120,Colton,34247,Gianna,27855
2000s,121,Kenneth,34089,Kennedy,27568
2000s,122,Joel,33671,Gracie,27484
2000s,123,Oscar,33542,Peyton,27474
2000s,124,Josiah,33249,Adriana,27400
2000s,125,Jorge,33026,Christina,27171
2000s,126,Ashton,32445,Courtney,26978
2000s,127,Cooper,32436,Daniela,26639
2000s,128,Tanner,31681,Lydia,26387
2000s,129,Eduardo,31404,Kathryn,26301
2000s,130,Paul,30950,Valeria,26212
2000s,131,Edward,30818,Layla,26204
2000s,132,Ivan,30711,Alexandria,25931
2000s,133,Preston,30326,Natalia,25529
2000s,134,Maxwell,30048,Angel,25440
2000s,135,Alan,29646,Laura,25029
2000s,136,Levi,29427,Charlotte,24263
2000s,137,Stephen,28897,Margaret,23912
2000s,138,Grant,28414,Cheyenne,23908
2000s,139,Nicolas,28264,Naomi,23751
2000s,140,Dakota,28176,Miranda,23738
2000s,141,Omar,28159,Mikayla,23730
2000s,142,Alexis,28027,Kelsey,23380
2000s,143,George,28003,Payton,23377
2000s,144,Eli,27991,Ana,23200
2000s,145,Collin,27830,Alicia,23152
2000s,146,Spencer,27451,Jillian,22819
2000s,147,Gage,27419,Daisy,22805
2000s,148,Max,27367,Mckenzie,22566
2000s,149,Ricardo,27187,Ashlyn,22466
2000s,150,Cristian,27184,Sabrina,22347
2000s,151,Derek,27021,Caitlin,22297
2000s,152,Micah,27014,Summer,22191
2000s,153,Brody,26689,Ruby,22026
2000s,154,Francisco,26516,Valerie,21958
2000s,155,Nolan,26371,Rylee,21953
2000s,156,Ayden,26292,Skylar,21893
2000s,157,Dalton,26176,Lindsey,21644
2000s,158,Shane,26128,Kelly,21616
2000s,159,Peter,26126,Genesis,21432
2000s,160,Damian,26031,Zoey,21406
2000s,161,Jeffrey,25915,Eva,21350
2000s,162,Brendan,25835,Sadie,21324
2000s,163,Travis,25736,Alexia,21232
2000s,164,Fernando,25152,Cassidy,21175
2000s,165,Peyton,24966,Kylee,21163
2000s,166,Conner,24929,Kendall,21032
2000s,167,Andres,24772,Jordyn,20996
2000s,168,Javier,24632,Kate,20768
2000s,169,Giovanni,24227,Jayla,20739
2000s,170,Shawn,24193,Karen,20608
2000s,171,Braden,24071,Tiffany,20186
2000s,172,Jonah,23695,Cassandra,20129
2000s,173,Bradley,23617,Juliana,20061
2000s,174,Cesar,23606,Reagan,19975
2000s,175,Emmanuel,23538,Caitlyn,19779
2000s,176,Manuel,23443,Giselle,19718
2000s,177,Edgar,22584,Serenity,19644
2000s,178,Mario,22427,Alondra,19497
2000s,179,Erik,22406,Lucy,19394
2000s,180,Edwin,22072,Bianca,18913
2000s,181,Johnathan,21918,Kiara,18912
2000s,182,Devon,21633,Crystal,18901
2000s,183,Erick,21426,Erica,18870
2000s,184,Wesley,21080,Angelica,18693
2000s,185,Oliver,20931,Hope,18686
2000s,186,Trenton,20898,Chelsea,18023
2000s,187,Hector,20880,Alana,17934
2000s,188,Malachi,20776,Liliana,17617
2000s,189,Jalen,20446,Brittany,17568
2000s,190,Raymond,20441,Camila,17564
2000s,191,Gregory,20073,Makenzie,17476
2000s,192,Abraham,19842,Lilly,17268
2000s,193,Elias,19614,Veronica,17250
2000s,194,Leonardo,19487,Abby,17217
2000s,195,Sergio,19446,Jazmin,17200
2000s,196,Donovan,19327,Adrianna,17181
2000s,197,Colby,19181,Delaney,17086
2000s,198,Marco,19118,Karina,17079
2000s,199,Bryson,19066,Ellie,17024
2000s,200,Martin,18757,Jasmin,16913
2010s,1,Noah,183258,Emma,194988
2010s,2,Liam,173939,Olivia,184487
2010s,3,Jacob,163197,Sophia,181091
2010s,4,William,159893,Isabella,170491
2010s,5,Mason,157833,Ava,155802
2010s,6,Ethan,149051,Mia,129044
2010s,7,Michael,145106,Abigail,118690
2010s,8,Alexander,142102,Emily,117599
2010s,9,James,139624,Charlotte,102449
2010s,10,Elijah,137025,Madison,98393
2010s,11,Benjamin,134442,Elizabeth,94025
2010s,12,Daniel,133865,Amelia,93813
2010s,13,Aiden,129599,Evelyn,86946
2010s,14,Logan,126795,Ella,85886
2010s,15,Jayden,126032,Chloe,85275
2010s,16,Matthew,125034,Harper,85168
2010s,17,Lucas,118621,Avery,82894
2010s,18,David,116661,Sofia,82376
2010s,19,Jackson,116202,Grace,73007
2010s,20,Joseph,115642,Addison,70989
2010s,21,Anthony,112084,Victoria,70986
2010s,22,Samuel,108068,Lily,68283
2010s,23,Joshua,106192,Natalie,68113
2010s,24,Gabriel,105547,Aubrey,65902
2010s,25,Andrew,105019,Zoey,64934
2010s,26,John,102731,Lillian,64929
2010s,27,Christopher,102084,Hannah,64473
2010s,28,Oliver,98127,Layla,63201
2010s,29,Dylan,96334,Brooklyn,60299
2010s,30,Carter,95227,Scarlett,58260
2010s,31,Isaac,94508,Zoe,58083
2010s,32,Luke,93247,Camila,57884
2010s,33,Henry,92557,Samantha,56914
2010s,34,Owen,91085,Riley,56129
2010s,35,Ryan,90968,Leah,56015
2010s,36,Nathan,88004,Aria,52233
2010s,37,Wyatt,87711,Savannah,51838
2010s,38,Caleb,86693,Audrey,51598
2010s,39,Sebastian,86653,Anna,51273
2010s,40,Jack,85669,Allison,48988
2010s,41,Christian,84147,Gabriella,48103
2010s,42,Jonathan,79832,Hailey,47735
2010s,43,Julian,79502,Claire,47722
2010s,44,Landon,79295,Penelope,47602
2010s,45,Levi,77942,Aaliyah,46686
2010s,46,Isaiah,76232,Sarah,46616
2010s,47,Hunter,74861,Nevaeh,44966
2010s,48,Aaron,70446,Kaylee,44599
2010s,49,Thomas,69990,Stella,44208
2010s,50,Charles,69988,Mila,44105
2010s,51,Eli,69845,Nora,44072
2010s,52,Jaxon,69147,Ellie,43219
2010s,53,Connor,68254,Bella,43165
2010s,54,Nicholas,66768,Lucy,42009
2010s,55,Jeremiah,66733,Alexa,41993
2010s,56,Grayson,66379,Arianna,41789
2010s,57,Cameron,66175,Violet,41560
2010s,58,Brayden,65985,Ariana,41325
2010s,59,Adrian,65958,Genesis,40505
2010s,60,Evan,64741,Alexis,40387
2010s,61,Jordan,64468,Eleanor,40118
2010s,62,Josiah,63059,Maya,39752
2010s,63,Angel,62927,Caroline,39623
2010s,64,Robert,62620,Peyton,39603
2010s,65,Gavin,62316,Skylar,39407
2010s,66,Tyler,59336,Madelyn,39188
2010s,67,Austin,59099,Serenity,38858
2010s,68,Colton,58439,Kennedy,38583
2010s,69,Jose,55165,Taylor,38205
2010s,70,Dominic,55154,Alyssa,37918
2010s,71,Brandon,54102,Autumn,37670
2010s,72,Ian,52452,Paisley,37556
2010s,73,Lincoln,51997,Ashley,37222
2010s,74,Hudson,51452,Brianna,36900
2010s,75,Kevin,51301,Sadie,36566
2010s,76,Zachary,51127,Naomi,36171
2010s,77,Adam,50676,Kylie,36102
2010s,78,Mateo,50592,Julia,35894
2010s,79,Jason,50571,Sophie,35666
2010s,80,Chase,50314,Mackenzie,35274
2010s,81,Nolan,50028,Eva,35197
2010s,82,Ayden,49609,Gianna,34654
2010s,83,Cooper,49266,Luna,34162
2010s,84,Parker,49220,Katherine,34135
2010s,85,Xavier,48686,Hazel,33902
2010s,86,Asher,48521,Khloe,33809
2010s,87,Carson,48011,Ruby,33450
2010s,88,Jace,47453,Piper,33081
2010s,89,Easton,46785,Melanie,33072
2010s,90,Justin,45573,Lydia,32703
2010s,91,Leo,44693,Aubree,32635
2010s,92,Bentley,43910,Madeline,32366
2010s,93,Jaxson,42372,Aurora,32127
2010s,94,Nathaniel,41861,Faith,31953
2010s,95,Blake,41712,Alexandra,30962
2010s,96,Elias,40904,Alice,30620
2010s,97,Theodore,40517,Kayla,30278
2010s,98,Kayden,40318,Jasmine,29370
2010s,99,Luis,39061,Maria,28957
2010s,100,Tristan,38667,Annabelle,28935
2010s,101,Ezra,38624,Lauren,28900
2010s,102,Bryson,38623,Reagan,28849
2010s,103,Juan,37416,Elena,28788
2010s,104,Brody,37245,Rylee,28547
2010s,105,Vincent,36823,Isabelle,28497
2010s,106,Micah,36713,Bailey,28293
2010s,107,Miles,36586,Eliana,28221
2010s,108,Santiago,36441,Sydney,28079
2010s,109,Cole,36386,Makayla,27854
2010s,110,Ryder,36040,Cora,27812
2010s,111,Carlos,35289,Morgan,27631
2010s,112,Damian,35266,Natalia,27374
2010s,113,Leonardo,35218,Kimberly,27256
2010s,114,Roman,35086,Vivian,27224
2010s,115,Max,34128,Quinn,27220
2010s,116,Sawyer,34021,Valentina,27216
2010s,117,Jesus,33786,Andrea,27181
2010s,118,Diego,33375,Willow,27046
2010s,119,Greyson,33196,Clara,26648
2010s,120,Alex,32577,London,26612
2010s,121,Maxwell,32438,Jade,26536
2010s,122,Axel,31799,Liliana,26426
2010s,123,Eric,31534,Jocelyn,26351
2010s,124,Wesley,31154,Trinity,26310
2010s,125,Declan,31099,Kinsley,26290
2010s,126,Giovanni,30398,Brielle,26046
2010s,127,Ezekiel,30356,Mary,25667
2010s,128,Braxton,30309,Molly,25549
2010s,129,Ashton,30204,Hadley,25476
2010s,130,Ivan,29904,Delilah,24995
2010s,131,Hayden,29888,Emilia,24339
2010s,132,Camden,29705,Josephine,23950
2010s,133,Silas,29608,Brooke,23800
2010s,134,Bryce,29027,Lilly,23489
2010s,135,Weston,28800,Ivy,23468
2010s,136,Harrison,28551,Adeline,23374
2010s,137,Jameson,28535,Payton,23126
2010s,138,George,28395,Lyla,22916
2010s,139,Antonio,28328,Isla,22863
2010s,140,Timothy,28213,Jordyn,22733
2010s,141,Kaiden,28062,Paige,22607
2010s,142,Jonah,28039,Isabel,22581
2010s,143,Everett,27397,Mariah,22477
2010s,144,Miguel,26936,Mya,22363
2010s,145,Steven,26881,Nicole,22301
2010s,146,Richard,26733,Valeria,21388
2010s,147,Emmett,26156,Destiny,21088
2010s,148,Victor,26131,Rachel,21055
2010s,149,Kaleb,26021,Ximena,21020
2010s,150,Kai,25963,Emery,20966
2010s,151,Maverick,25946,Everly,20854
2010s,152,Joel,25803,Sara,20718
2010s,153,Bryan,25682,Angelina,20574
2010s,154,Maddox,25667,Adalynn,20389
2010s,155,Kingston,25620,Kendall,20249
2010s,156,Aidan,25428,Reese,20180
2010s,157,Patrick,25305,Aliyah,20156
2010s,158,Edward,25248,Margaret,20031
2010s,159,Emmanuel,25226,Juliana,19997
2010s,160,Jude,25127,Melody,19860
2010s,161,Preston,25030,Amy,19760
2010s,162,Alejandro,25026,Eden,19704
2010s,163,Luca,24930,Mckenzie,19674
2010s,164,Bennett,24900,Laila,19651
2010s,165,Jesse,24885,Vanessa,19592
2010s,166,Jaden,24732,Ariel,19360
2010s,167,Colin,24715,Gracie,19082
2010s,168,Malachi,24553,Valerie,19011
2010s,169,Kaden,24419,Adalyn,18839
2010s,170,Jayce,24305,Brooklynn,18813
2010s,171,Alan,24195,Gabrielle,18582
2010s,172,Marcus,24127,Kaitlyn,18351
2010s,173,Kyle,24115,Athena,18284
2010s,174,Brian,24091,Elise,18242
2010s,175,Ryker,23866,Jessica,18216
2010s,176,Grant,23765,Adriana,18177
2010s,177,Abel,23534,Leilani,18143
2010s,178,Jeremy,23531,Ryleigh,17874
2010s,179,Riley,23136,Daisy,17870
2010s,180,Calvin,23075,Nova,17820
2010s,181,Brantley,22456,Norah,17741
2010s,182,Caden,22369,Eliza,17713
2010s,183,Oscar,22256,Rose,17501
2010s,184,Abraham,22209,Rebecca,17470
2010s,185,Brady,21724,Michelle,17349
2010s,186,Sean,21529,Alaina,17289
2010s,187,Jake,21409,Catherine,17148
2010s,188,Tucker,21251,Londyn,16993
2010s,189,Nicolas,21210,Summer,16894
2010s,190,Mark,21104,Lila,16562
2010s,191,Amir,20467,Jayla,16540
2010s,192,Avery,20425,Katelyn,16503
2010s,193,King,20423,Daniela,16348
2010s,194,Gael,20343,Harmony,16294
2010s,195,Kenneth,20197,Amaya,16258
2010s,196,Bradley,20148,Alana,16255
2010s,197,Cayden,19756,Emerson,16227
2010s,198,Xander,19302,Julianna,16180
2010s,199,Graham,19247,Cecilia,16145
2010s,200,Paul,19016,Izabella,16039
